cellId	x	y
Hi_GW21_4.Hi_GW21_4	-14.218	27.812
Hi_GW21_5.Hi_GW21_5	-14.336	27.812
Hi_GW21_8.Hi_GW21_8	-14.719	27.713
Hi_GW21_1.Hi_GW21_1	3.746	50.217
Hi_GW21_2.Hi_GW21_2	3.492	50.358
Hi_GW21_3.Hi_GW21_3	-5.463	41.205
Hi_GW21_7.Hi_GW21_7	3.371	51.794
Hi_GW21_6.Hi_GW21_6	12.405	56.865
Hi_GW16_11.Hi_GW16_11	-19.364	33.850
Hi_GW16_3.Hi_GW16_3	-29.616	24.138
Hi_GW16_4.Hi_GW16_4	-25.946	27.255
Hi_GW16_1.Hi_GW16_1	3.684	52.107
Hi_GW16_10.Hi_GW16_10	25.610	25.581
Hi_GW16_2.Hi_GW16_2	25.630	25.580
Hi_GW16_8.Hi_GW16_8	20.509	45.693
Hi_GW16_9.Hi_GW16_9	30.706	29.118
Hi_GW16_13.Hi_GW16_13	-25.258	34.078
Hi_GW16_14.Hi_GW16_14	-19.915	14.102
Hi_GW16_15.Hi_GW16_15	-26.052	27.666
Hi_GW16_16.Hi_GW16_16	-30.027	29.902
Hi_GW16_17.Hi_GW16_17	-26.103	31.019
Hi_GW16_18.Hi_GW16_18	-27.211	24.857
Hi_GW16_20.Hi_GW16_20	-25.873	27.315
Hi_GW16_25.Hi_GW16_25	-26.324	32.198
Hi_GW16_12.Hi_GW16_12	-8.720	48.583
Hi_GW16_19.Hi_GW16_19	-4.431	46.705
Hi_GW16_24.Hi_GW16_24	-14.001	40.908
Hi_GW16_26.Hi_GW16_26	28.455	26.457
Hi_GW16_21.Hi_GW16_21	-11.041	43.867
O1.A1	-26.244	30.847
O1.B1	2.847	51.203
O1.C1	-1.284	39.082
O1.D1	-23.903	16.358
O1.E1	-26.602	30.163
O1.F1	3.035	50.943
O1.G1	-13.701	39.685
O1.H1	-5.383	41.157
O1.A2	-18.503	14.436
O1.C2	21.738	14.096
O1.D2	-3.272	42.844
O1.E2	-2.486	44.140
O1.F2	-27.856	34.632
O1.G2	-0.447	45.218
O1.B3	0.420	48.717
O1.C3	-3.950	45.547
O1.D3	-3.541	43.698
O1.E3	-51.533	41.344
O1.A4	-10.525	44.807
O1.B4	-19.707	12.717
O1.C4	-3.754	44.328
O1.D4	-1.322	45.173
O1.E4	-22.172	11.950
O1.F4	-14.588	41.293
O1.G4	-28.459	15.340
O1.B5	18.984	8.966
O1.C5	-20.706	10.076
O1.E5	17.698	7.897
O1.F5	30.041	25.697
O1.G5	-16.332	39.257
O1.B6	-12.230	43.371
O1.C6	-2.648	45.251
O1.D6	-0.339	43.901
O1.E6	-31.906	33.172
O1.F6	3.119	51.755
O1.G6	-3.545	45.455
O1.C7	1.393	43.639
O1.E7	-6.743	42.389
O1.F7	-0.674	40.211
O1.G7	-26.512	29.901
O1.B8	21.200	6.602
O1.H8	-0.809	40.687
O1.A9	-3.263	42.217
O1.B9	-2.437	44.060
O1.C9	2.925	51.041
O1.F9	-0.855	43.575
O1.H9	-24.951	34.374
O1.A10	29.328	25.087
O1.B10	-11.661	43.892
O1.D10	-2.386	42.848
O1.E10	22.650	8.934
O1.H10	-26.734	28.837
O1.C11	-19.221	12.633
O1.D11	-21.487	13.650
O1.E11	-4.943	44.355
O1.G11	-12.341	45.417
O1.H11	-2.364	43.096
O1.A12	-17.601	39.822
O1.B12	-1.019	43.349
O1.C12	-3.921	44.684
O1.D12	-3.441	42.372
O1.E12	-3.711	46.471
O1.G12	-26.548	46.541
O1.H12	-15.800	39.568
O2.A1	-26.278	30.832
O2.B1	-0.100	44.014
O2.C1	-4.907	42.765
O2.F1	-26.674	26.058
O2.G1	18.957	7.208
O2.H1	-2.748	42.041
O2.A2	-1.356	44.981
O2.D2	-5.159	41.224
O2.F2	-1.400	39.210
O2.G2	-1.840	44.983
O2.H2	-3.384	40.957
O2.A3	-18.513	39.567
O2.C3	-5.126	42.949
O2.F3	-22.201	12.190
O2.H3	-3.443	41.033
O2.A4	-16.820	39.337
O2.C4	21.686	8.408
O2.F4	-22.264	11.991
O2.H4	-21.977	12.124
O2.B5	-0.639	43.788
O2.D5	-2.890	43.123
O2.E5	-12.514	43.242
O2.G5	30.315	27.816
O2.A6	-3.945	42.642
O2.C6	-17.261	39.310
O2.D6	3.094	51.169
O2.F6	-0.152	44.892
O2.G6	-4.019	41.366
O2.H6	2.586	50.624
O2.A7	-4.442	43.634
O2.D7	-2.097	41.232
O2.E7	-4.220	45.119
O2.G7	-2.825	42.152
O2.H7	-26.260	27.888
O2.B8	21.168	8.129
O2.C8	-11.377	43.900
O2.D8	-25.860	39.585
O2.F8	-27.655	23.944
O2.H8	-3.443	40.620
O2.C9	20.888	11.553
O2.E9	-2.715	43.392
O2.F9	-15.270	40.242
O2.G9	-27.022	29.062
O2.H9	2.841	50.832
O2.A10	-14.100	39.715
O2.B10	-26.897	29.242
O2.C10	-4.008	44.604
O2.F10	-3.403	42.665
O2.G10	-3.676	42.741
O2.H10	-2.558	42.696
O2.A11	-19.949	14.282
O2.B11	31.053	25.141
O2.D11	-17.350	39.952
O2.E11	-26.829	25.525
O2.G11	-30.123	16.164
O2.H11	2.124	50.619
O2.B12	-5.253	42.945
O2.G12	-2.261	44.569
O2.H12	-0.842	45.090
O4.A1	-0.335	61.298
O4.E1	-4.617	55.616
O4.F1	16.301	9.383
O4.G1	-13.919	41.175
O4.H1	-8.856	50.214
O4.A2	-20.972	23.778
O4.B2	-4.966	55.453
O4.C2	-20.157	14.219
O4.E2	-4.599	56.165
O4.F2	-5.889	56.122
O4.G2	-20.266	14.103
O4.H2	-20.111	14.531
O4.B3	-9.502	49.397
O4.C3	-5.258	55.212
O4.D3	30.840	28.690
O4.E3	9.001	43.618
O4.F3	-4.683	52.877
O4.G3	5.736	55.463
O4.A4	-20.011	14.427
O4.C4	-9.263	38.182
O4.E4	-30.833	14.843
O4.F4	-26.655	46.572
O4.G4	-4.685	52.947
O4.A5	24.045	8.044
O4.B5	-5.183	54.163
O4.F5	18.701	7.177
O4.G5	-25.623	24.777
O4.A6	9.480	44.306
O4.B6	-11.516	42.181
O4.D6	-5.352	55.038
O4.F6	30.710	26.615
O4.G6	-0.696	56.739
O4.A7	-14.098	41.244
O4.B7	-5.339	55.460
O4.C7	-12.678	48.258
O4.D7	-4.375	56.324
O4.E7	-23.806	27.418
O4.F7	-8.573	50.290
O4.G7	-5.919	54.343
O4.H7	-20.217	14.204
O4.A8	-14.286	40.920
O4.B8	-19.914	11.234
O4.C8	-21.984	9.402
O4.D8	-4.796	55.941
O4.E8	-5.095	55.517
O4.F8	-12.633	48.237
O4.G8	-20.916	24.088
O4.H8	-21.051	24.030
O4.A9	-4.635	56.126
O4.B9	-5.088	54.976
O4.C9	-7.136	40.810
O4.D9	-4.852	55.640
O4.E9	-4.690	55.804
O4.F9	-5.900	54.251
O4.G9	-20.614	24.297
O4.H9	-21.065	23.657
O4.B10	-5.858	53.212
O4.E10	-20.710	30.944
O4.F10	-28.262	12.641
O4.G10	-9.167	50.340
O4.C11	-20.026	13.924
O4.D11	-5.349	54.867
O4.E11	-4.945	55.065
O4.H11	-5.763	54.361
O4.A12	-28.647	25.611
O4.D12	20.146	9.819
O4.F12	-31.875	31.457
O4.H12	-14.319	41.015
O7.B1	-27.594	29.316
O7.C1	-15.545	43.026
O7.D1	-28.187	29.132
O7.F1	-18.513	37.673
O7.C2	-27.381	19.319
O7.D2	-29.319	28.102
O7.F2	-8.221	52.215
O7.A3	-14.839	42.076
O7.C3	-27.013	19.393
O7.D3	-17.400	14.881
O7.F3	-13.868	42.419
O7.H3	-30.345	30.084
O7.D4	-14.951	40.549
O7.F4	-28.342	30.169
O7.H4	-27.714	19.129
O7.A5	-28.563	16.342
O7.D5	18.812	6.303
O7.E5	-27.761	29.713
O7.B6	-8.323	52.748
O7.C6	-27.495	29.240
O7.E6	-20.163	13.459
O7.A7	-28.904	16.082
O7.B7	-7.904	52.345
O7.C7	-10.904	52.053
O7.F7	-13.679	42.408
O7.A8	-18.520	37.749
O7.B8	-27.627	19.040
O7.H8	-29.899	16.913
O7.A9	-15.172	39.953
O7.B9	-27.879	29.856
O7.F9	-8.270	52.851
O7.G9	-28.884	15.829
O7.E10	-9.192	51.741
O7.F10	-28.736	16.009
O7.B11	-12.266	45.704
O7.C11	-13.540	42.689
O7.D11	-28.545	29.354
O7.E11	-8.069	52.125
O7.F11	-27.011	30.436
O7.B12	-28.928	15.952
O7.D12	-27.787	29.501
O7.G12	-28.245	23.671
O8.B1	-19.970	12.525
O8.E1	-10.064	51.773
O8.G1	-9.993	51.116
O8.H1	26.698	33.156
O8.A2	-10.638	44.777
O8.B2	-8.531	52.921
O8.C2	-19.325	33.814
O8.E2	-7.473	51.635
O8.F2	-30.727	17.128
O8.H2	-28.502	25.686
O8.A3	13.123	58.008
O8.C3	-8.429	53.060
O8.D3	0.758	56.399
O8.E3	-24.359	26.977
O8.F3	-0.030	56.156
O8.B4	0.352	56.519
O8.C4	-7.825	53.411
O8.A5	-20.737	11.038
O8.C5	13.164	56.878
O8.D5	20.928	57.466
O8.E5	-8.631	52.987
O8.G5	-8.913	52.658
O8.B6	-7.727	53.529
O8.C6	-0.345	48.482
O8.D6	0.096	56.542
O8.F6	-28.052	24.298
O8.B7	18.336	56.634
O8.D7	-30.353	17.261
O8.E7	-29.279	18.555
O8.A8	0.399	56.408
O8.C8	0.476	56.306
O8.F8	-28.993	28.238
O8.A9	-25.554	28.379
O8.B9	-8.827	53.006
O8.D9	-8.927	52.614
O8.E9	13.263	56.605
O8.C11	0.141	56.219
O8.E11	-7.429	53.976
O8.F11	-8.263	52.847
O8.H11	-21.967	12.502
O8.C12	0.477	56.082
O8.F12	3.944	53.986
O8.G12	20.476	57.837
O9.D1	14.116	26.450
O9.E1	-22.662	10.760
O9.F1	-22.081	9.235
O9.A2	17.248	6.446
O9.B2	-10.563	53.441
O9.C2	-9.143	54.070
O9.D2	-27.378	30.078
O9.E2	-30.167	30.278
O9.F2	19.193	5.551
O9.G2	17.804	6.103
O9.A3	-22.010	11.896
O9.B3	22.834	29.088
O9.C3	19.111	6.356
O9.G3	-10.461	53.537
O9.H3	20.192	28.336
O9.C4	-15.825	42.927
O9.E4	-15.973	42.542
O9.F4	-28.338	31.554
O9.G4	21.073	27.150
O9.A5	-23.089	25.194
O9.B5	-27.813	28.539
O9.C5	26.945	25.044
O9.D5	-10.063	52.777
O9.E5	18.553	5.276
O9.F5	-29.648	30.719
O9.H5	-20.414	11.411
O9.A6	-27.428	31.904
O9.B6	-10.075	54.484
O9.C6	-10.404	53.966
O9.D6	-11.240	54.003
O9.G6	18.940	5.375
O9.B7	-8.353	45.384
O9.D7	-27.712	15.748
O9.E7	17.885	4.970
O9.G7	-9.691	53.064
O9.A8	-11.085	53.647
O9.B8	-30.619	31.001
O9.D8	-28.826	15.122
O9.E8	20.843	26.788
O9.A9	29.066	23.801
O9.C9	19.338	6.537
O9.E9	19.796	5.914
O9.F9	-10.458	52.238
O9.G9	-29.445	31.069
O9.A10	-11.345	53.169
O9.B10	18.077	6.459
O9.C10	27.108	23.742
O9.D10	24.104	29.959
O9.E10	17.554	6.066
O9.F10	18.280	5.948
O9.G10	17.582	27.498
O9.B11	26.906	23.832
O9.D11	19.046	5.402
O9.E11	15.044	15.078
O9.A12	-21.491	13.724
O9.B12	-11.877	51.780
O9.D12	-16.311	42.082
O9.E12	-9.840	54.747
O9.F12	27.580	24.672
O9.G12	26.676	25.352
O9.H12	-29.208	16.138
O10.A1	-25.815	24.314
O10.B1	17.023	20.436
O10.D1	30.145	24.858
O10.E1	-14.595	41.950
O10.F1	-11.388	54.157
O10.G1	-10.788	49.484
O10.H1	-14.685	39.867
O10.B2	-9.683	53.361
O10.C2	31.895	26.459
O10.D2	-10.972	51.054
O10.F2	18.140	7.358
O10.G2	-6.159	58.186
O10.A3	5.651	53.587
O10.D3	-25.848	35.449
O10.G3	-23.554	31.601
O10.A4	-23.140	32.129
O10.C4	-29.402	23.830
O10.F4	-2.854	54.176
O10.G4	27.732	25.088
O10.H4	-10.184	54.577
O10.A5	-1.322	57.710
O10.B5	5.988	57.203
O10.C5	-2.199	57.819
O10.D5	-1.618	57.924
O10.F5	-10.381	52.639
O10.G5	-8.005	55.117
O10.H5	-11.256	53.328
O10.B6	-12.175	53.023
O10.C6	-7.514	54.898
O10.D6	-1.403	57.857
O10.E6	-9.446	54.119
O10.F6	-27.051	31.398
O10.A7	-11.891	53.049
O10.B7	-1.319	57.888
O10.G7	-1.236	57.803
O10.H7	26.096	28.009
O10.A8	-13.127	51.756
O10.D8	22.514	9.518
O10.E8	-6.801	39.143
O10.F8	-2.027	57.537
O10.A9	17.476	6.729
O10.B9	-1.030	58.203
O10.C9	-10.598	52.406
O10.D9	-9.678	54.198
O10.E9	29.718	26.732
O10.F9	-1.738	57.915
O10.B10	-12.214	52.321
O10.C10	-8.291	55.274
O10.A11	-10.593	54.436
O10.B11	-7.217	55.290
O10.C11	27.383	24.708
O10.D11	-11.179	50.481
O10.E11	-12.756	53.202
O10.F11	-7.868	36.297
O10.A12	-26.022	24.298
O10.B12	16.717	4.596
O10.C12	-8.408	55.522
O10.D12	18.470	6.318
O10.E12	-8.992	54.693
O10.F12	-4.128	53.670
O10.G12	-8.757	54.058
O11.A1	-10.738	8.380
O11.B1	12.226	27.753
O11.C1	4.489	2.331
O11.D1	-2.489	7.782
O11.F1	3.339	4.229
O11.G1	-1.442	5.692
O11.H1	-6.861	5.422
O11.B2	-17.751	5.382
O11.D2	-17.490	5.169
O11.E2	3.053	3.269
O11.F2	13.110	27.108
O11.G2	-8.620	15.874
O11.H2	1.519	3.348
O11.A3	1.679	1.945
O11.B3	-6.399	12.664
O11.C3	5.224	1.935
O11.D3	4.306	2.155
O11.E3	4.299	3.755
O11.F3	-10.039	7.674
O11.G3	-8.625	12.834
O11.H3	1.214	3.476
O11.A4	-8.783	14.821
O11.B4	-7.939	13.527
O11.C4	-9.472	6.663
O11.D4	7.082	2.344
O11.E4	2.070	1.197
O11.F4	-9.091	4.107
O11.G4	0.447	5.050
O11.H4	4.084	2.748
O11.A5	1.827	1.903
O11.E5	-9.702	3.812
O11.F5	-8.479	1.646
O11.G5	26.769	11.826
O11.H5	3.448	4.793
O11.A6	-10.959	7.074
O11.B6	3.713	3.451
O11.C6	-9.273	6.664
O11.D6	-7.922	15.399
O11.E6	-8.740	12.360
O11.F6	4.211	1.289
O11.G6	6.976	2.753
O11.H6	3.293	4.118
O11.A7	-7.795	13.796
O11.B7	-5.327	7.550
O11.C7	4.228	1.658
O11.D7	-12.464	2.562
O11.E7	-10.990	7.054
O11.F7	-8.958	2.574
O11.G7	11.580	27.600
O11.H7	3.089	4.494
O11.A8	-7.249	6.836
O11.B8	-7.639	14.402
O11.C8	-0.617	6.503
O11.D8	4.174	2.757
O11.E8	-8.954	15.872
O11.F8	-7.325	12.566
O11.G8	-7.833	12.341
O11.H8	-7.733	12.423
O11.A9	-6.982	13.748
O11.D9	-14.879	1.879
O11.E9	-10.044	6.792
O11.F9	5.728	2.838
O11.G9	-7.457	12.595
O11.H9	12.506	28.256
O11.A10	2.074	2.778
O11.B10	-9.099	15.849
O11.C10	-8.929	6.291
O11.D10	-2.415	7.894
O11.E10	-16.282	2.572
O11.F10	5.345	0.868
O11.G10	-7.440	12.280
O11.H10	-9.216	16.456
O11.A11	-7.676	12.102
O11.B11	-9.025	4.432
O11.C11	4.137	3.742
O11.D11	4.776	2.747
O11.E11	-6.515	13.026
O11.F11	4.389	2.035
O11.G11	15.787	11.381
O11.H11	4.838	4.127
O11.C12	-16.269	2.735
O11.D12	-10.236	4.953
O11.F12	3.572	4.841
O11.G12	-4.200	10.446
O12.A1	-24.059	29.289
O12.B1	-30.758	16.941
O12.C1	-26.859	15.619
O12.D1	-34.514	20.845
O12.E1	39.335	58.113
O12.H1	-25.582	18.369
O12.A2	-10.573	41.689
O12.F2	-31.282	32.271
O12.G2	-29.858	15.115
O12.H2	-28.324	24.327
O12.A3	-28.613	25.508
O12.B3	26.912	31.766
O12.C3	31.442	30.623
O12.D3	24.965	29.455
O12.E3	2.293	38.268
O12.F3	1.134	38.376
O12.G3	18.542	16.554
O12.H3	7.195	43.735
O12.A4	17.386	13.062
O12.B4	13.435	16.232
O12.D4	24.125	29.310
O12.E4	30.937	34.417
O12.F4	0.408	38.369
O12.G4	22.971	60.931
O12.H4	25.810	28.976
O12.A5	18.430	17.335
O12.C5	24.832	28.660
O12.D5	15.064	51.287
O12.E5	18.769	13.820
O12.F5	3.174	42.296
O12.G5	17.784	15.638
O12.H5	13.769	50.876
O12.A6	14.211	50.697
O12.B6	32.085	30.920
O12.C6	14.543	16.453
O12.D6	18.746	16.132
O12.E6	14.089	50.732
O12.F6	18.550	15.912
O12.G6	0.326	38.474
O12.H6	15.663	51.330
O12.A7	17.744	15.606
O12.B7	-1.255	37.767
O12.C7	19.603	16.579
O12.H7	2.226	38.247
O12.A8	-25.858	42.146
O12.B8	-23.156	35.231
O12.C8	29.784	25.744
O12.D8	18.157	16.358
O12.E8	28.330	27.198
O12.F8	-22.560	11.530
O12.G8	-18.458	39.574
O12.H8	30.218	26.356
O12.A9	-26.656	42.232
O12.B9	29.737	25.669
O12.C9	-3.917	39.735
O12.D9	30.115	26.974
O12.G9	21.645	5.024
O12.H9	21.652	5.345
O12.A10	-31.136	33.723
O12.B10	-25.705	42.148
O12.C10	29.568	24.165
O12.D10	-31.933	33.290
O12.E10	29.239	24.182
O12.G10	21.572	5.232
O12.H10	21.647	5.141
O12.A12	-29.519	31.008
O12.B12	-17.356	15.505
O12.E12	-30.776	14.709
O12.F12	-12.597	52.789
O13.A1	-8.690	10.961
O13.B1	-16.626	4.465
O13.C1	2.174	3.114
O13.D1	1.705	5.956
O13.E1	-7.009	12.778
O13.F1	-5.104	7.594
O13.G1	-10.446	5.153
O13.A2	1.694	2.955
O13.B2	-10.477	5.493
O13.C2	5.849	2.516
O13.D2	-9.513	5.224
O13.F2	1.235	5.486
O13.G2	-8.656	4.677
O13.H2	1.980	6.106
O13.A3	16.908	24.658
O13.B3	5.504	2.214
O13.C3	0.786	5.137
O13.D3	-7.485	12.863
O13.E3	5.421	2.263
O13.F3	-10.327	5.681
O13.G3	-7.522	5.788
O13.H3	-7.220	5.617
O13.A4	-9.554	1.813
O13.B4	4.967	3.630
O13.C4	2.351	3.177
O13.D4	-6.977	5.206
O13.E4	0.853	5.413
O13.F4	-3.495	7.973
O13.G4	-9.544	5.213
O13.H4	5.130	2.695
O13.A5	-4.997	7.662
O13.B5	3.735	5.378
O13.D5	0.463	6.487
O13.E5	3.908	3.240
O13.G5	4.680	0.267
O13.H5	-9.430	2.453
O13.A6	-7.444	5.908
O13.C6	-9.914	7.144
O13.D6	3.336	4.232
O13.E6	-8.683	14.212
O13.F6	6.389	1.801
O13.G6	-0.116	4.884
O13.H6	-17.669	4.470
O13.A7	-9.210	1.667
O13.B7	-6.679	12.934
O13.C7	-8.673	13.196
O13.D7	-17.547	4.277
O13.E7	-10.695	6.886
O13.F7	0.458	5.741
O13.G7	4.260	3.386
O13.H7	-8.098	5.027
O13.A8	4.133	3.978
O13.B8	5.001	2.528
O13.C8	-9.140	13.670
O13.D8	3.391	1.555
O13.F8	4.205	3.078
O13.G8	5.695	2.266
O13.H8	-16.198	2.503
O13.A9	-10.442	6.014
O13.B9	4.203	3.874
O13.D9	-11.042	4.708
O13.E9	-8.119	13.416
O13.F9	-13.795	6.160
O13.G9	-7.585	11.790
O13.A10	0.439	5.904
O13.B10	5.768	1.142
O13.C10	1.636	1.333
O13.D10	3.782	3.499
O13.E10	-10.569	5.684
O13.F10	5.804	1.521
O13.G10	1.496	6.271
O13.H10	-8.805	3.626
O13.A11	-9.137	15.821
O13.B11	8.348	1.146
O13.C11	-0.066	6.181
O13.E11	-9.350	13.864
O13.F11	-8.681	4.228
O13.G11	-7.161	13.299
O13.A12	-8.648	1.317
O13.B12	0.695	5.056
O13.C12	11.325	28.585
O13.E12	6.519	1.703
O13.F12	6.014	2.790
O13.G12	-7.237	13.075
O13.H12	-7.511	12.665
S1.A1	9.376	2.278
S1.B1	-15.217	3.682
S1.D1	-7.253	12.625
S1.E1	12.579	2.104
S1.F1	11.622	2.015
S1.H1	-10.203	14.632
S1.A2	13.398	28.008
S1.B2	-15.515	7.124
S1.C2	-10.120	17.718
S1.D2	11.470	1.892
S1.E2	10.473	1.578
S1.F2	-26.209	14.742
S1.H2	13.998	30.233
S1.B3	-26.721	24.855
S1.C3	-13.420	17.373
S1.D3	9.002	1.647
S1.G3	-9.459	14.339
S1.A4	12.176	3.033
S1.B4	-12.822	1.573
S1.C4	10.221	1.904
S1.D4	-2.424	8.523
S1.E4	14.647	3.234
S1.G4	9.980	1.985
S1.H4	1.375	6.588
S1.A5	-11.495	4.515
S1.B5	-11.816	17.413
S1.E5	-11.945	17.430
S1.F5	11.658	1.908
S1.G5	10.983	1.732
S1.H5	12.398	2.090
S1.A6	-12.605	1.735
S1.C6	-7.230	3.673
S1.F6	14.200	30.171
S1.G6	15.435	30.647
S1.C7	9.936	1.904
S1.F7	13.229	2.606
S1.H7	23.538	24.781
S1.A8	27.269	26.477
S1.B8	8.042	4.601
S1.C8	-7.529	12.206
S1.E8	-5.356	9.352
S1.F8	13.031	2.464
S1.G8	-12.173	1.538
S1.H8	8.078	4.768
S1.B9	12.133	2.806
S1.C9	14.167	30.496
S1.D9	-29.354	13.488
S1.E9	6.719	79.614
S1.F9	-0.677	64.079
S1.H9	10.044	77.440
S1.B10	6.722	76.292
S1.F10	-23.647	29.686
S1.G10	-3.836	60.139
S1.A11	0.505	66.399
S1.F11	-25.165	20.063
S1.G11	-21.564	32.074
S1.H11	0.824	67.051
S1.A12	9.441	79.409
S1.B12	-5.371	58.854
S1.C12	-0.842	61.797
S1.D12	-6.299	58.782
S1.E12	6.199	75.802
S1.F12	6.028	75.517
S1.H12	4.948	75.653
S2.D1	5.238	75.746
S2.E1	13.162	75.246
S2.G1	0.752	67.207
S2.A2	-13.608	44.023
S2.C2	0.706	67.194
S2.D2	0.588	67.198
S2.F2	-6.467	61.416
S2.G2	7.456	79.897
S2.D3	-25.214	24.645
S2.E3	-24.935	21.201
S2.H3	-0.853	67.857
S2.B4	0.156	66.073
S2.D4	-21.067	26.132
S2.G4	-0.999	67.422
S2.H4	-18.962	36.980
S2.B5	-6.625	60.462
S2.C5	-23.829	23.843
S2.E5	-6.298	61.588
S2.F5	0.027	71.866
S2.G5	-3.930	60.295
S2.A6	-5.993	61.520
S2.C6	-2.886	76.636
S2.D6	10.255	41.430
S2.E6	-19.098	13.905
S2.G6	-21.455	27.394
S2.H6	-5.782	61.475
S2.A7	-21.402	27.845
S2.B7	-13.158	53.777
S2.C7	-23.652	20.179
S2.D7	-0.843	67.816
S2.E7	-3.507	61.681
S2.F7	0.955	76.770
S2.H7	-0.654	75.010
S2.A8	-21.139	25.750
S2.C8	-2.424	76.240
S2.D8	-0.754	66.482
S2.F8	-0.727	64.206
S2.C9	-5.561	61.655
S2.D9	3.076	79.450
S2.E9	-29.160	13.403
S2.F9	4.212	79.478
S2.G9	-19.549	13.030
S2.H9	-1.077	66.938
S2.A10	-23.815	21.204
S2.C10	4.384	77.484
S2.E10	-20.657	10.605
S2.H10	-24.550	20.055
S2.B11	-0.730	68.356
S2.C11	-3.520	76.289
S2.D11	9.879	38.340
S2.F11	-3.294	77.349
S2.G11	-21.984	29.220
S2.H11	-0.976	75.575
S2.A12	-2.659	76.419
S2.D12	4.999	79.747
S2.H12	-9.609	39.545
S3.A1	-13.972	38.421
S3.B1	-26.204	18.385
S3.C1	-22.101	31.074
S3.D1	-13.901	38.274
S3.E1	-21.097	30.224
S3.F1	-9.781	39.115
S3.G1	-14.725	39.042
S3.A2	-9.974	38.681
S3.C2	-24.956	31.680
S3.E2	-9.707	40.309
S3.F2	-9.659	40.169
S3.G2	-10.310	38.285
S3.D3	-24.904	29.636
S3.E3	-12.477	41.168
S3.F3	-26.157	19.261
S3.G3	-25.301	33.453
S3.H3	-25.807	32.059
S3.B4	-26.892	19.448
S3.C4	-24.777	32.123
S3.E4	21.377	8.852
S3.F4	-22.605	31.588
S3.H4	-8.249	37.626
S3.A5	-5.779	38.836
S3.B5	31.122	30.648
S3.C5	24.662	30.035
S3.D5	-24.799	32.369
S3.E5	-24.190	31.504
S3.F5	-26.529	18.044
S3.G5	-8.739	39.471
S3.H5	-30.401	16.991
S3.A6	-8.759	39.334
S3.B6	-25.762	32.188
S3.C6	-23.786	22.403
S3.E6	-10.552	38.899
S3.G6	-9.895	39.318
S3.H6	-26.118	18.632
S3.A7	16.297	7.902
S3.D7	-24.623	31.952
S3.E7	-21.032	29.952
S3.G7	-20.594	10.036
S3.H7	-6.425	38.219
S3.A8	-8.696	39.465
S3.B8	-9.206	39.261
S3.C8	-28.838	13.917
S3.D8	-24.724	31.671
S3.E8	-23.363	28.395
S3.F8	21.284	10.063
S3.A9	-9.383	37.008
S3.D9	-5.504	35.702
S3.E9	-26.178	18.501
S3.F9	-9.440	39.243
S3.H9	-17.737	15.153
S3.A10	-27.320	12.664
S3.B10	-30.616	17.016
S3.C10	-24.603	33.287
S3.G10	11.983	20.110
S4.E4	-51.520	41.115
S14.C11	9.278	59.967
S14.F11	30.850	34.497
S14.H11	21.577	14.405
S14.A12	9.631	60.244
S14.B12	11.955	66.449
S14.G12	8.096	47.672
S14.H12	10.966	41.335
S15.D1	-15.262	2.468
S15.E1	-11.345	5.405
S15.G1	-9.689	9.027
S15.A2	6.417	5.068
S15.E2	-12.455	2.537
S15.F2	11.254	2.801
S15.G2	6.337	4.970
S15.H2	-26.693	46.478
S15.A3	12.124	1.111
S15.B3	5.564	3.886
S15.C3	5.712	5.156
S15.D3	5.715	6.984
S15.E3	-9.826	2.946
S15.A4	-15.271	1.973
S15.C4	6.161	3.216
S15.D4	-3.148	9.506
S15.F4	9.797	7.243
S15.G4	15.051	5.655
S15.H4	-8.845	1.247
S15.A5	-11.940	16.938
S15.B5	11.453	2.195
S15.E5	-2.943	7.568
S15.F5	-8.398	1.074
S15.B6	13.961	28.670
S15.C6	14.145	29.764
S15.E6	-17.628	4.995
S15.H6	9.736	5.685
S15.D7	-10.668	9.623
S15.E7	12.510	26.322
S15.F7	-15.551	2.260
S15.H7	-11.810	6.938
S15.A8	-12.353	4.335
S15.B8	15.287	29.538
S15.D8	14.851	29.206
S15.F8	16.220	4.972
S15.G8	1.811	11.067
S15.H8	14.792	29.659
S15.A9	15.816	4.166
S15.C9	13.333	28.947
S15.E9	25.970	26.100
S15.F9	15.977	4.197
S15.G9	17.663	27.529
S15.A10	16.630	15.637
S15.B10	17.901	4.013
S15.D10	12.001	26.966
S15.E10	-11.523	3.074
S15.F10	15.206	29.963
S15.A11	14.666	29.805
S15.B11	-22.335	33.982
S15.C11	-8.032	2.723
S15.G11	26.145	25.755
S15.A12	1.469	10.582
S15.B12	26.024	26.587
S15.C12	16.457	4.948
S15.D12	14.881	3.661
S15.F12	28.479	25.474
S15.G12	25.684	26.664
S15.H12	18.908	5.011
S16.C1	-10.876	3.426
S16.F1	-11.100	2.928
S16.H1	-30.456	34.001
S16.A2	17.134	3.580
S16.B2	17.017	28.434
S16.C2	-51.449	40.988
S16.E2	26.008	25.547
S16.F2	-26.845	14.669
S16.G2	16.702	4.788
S16.H2	14.631	4.014
S16.A3	26.211	26.085
S16.E3	-19.508	29.288
S16.A4	-31.308	31.880
S16.D4	-11.535	38.610
S16.E4	28.160	24.353
S16.F4	-29.092	28.021
S16.B5	-29.324	14.385
S16.E5	-28.480	31.626
S16.G5	19.186	5.254
S16.A6	-9.046	56.586
S16.B6	19.047	4.792
S16.C6	-28.904	31.506
S16.D6	-28.752	31.676
S16.E6	-28.432	31.375
S16.F6	-27.777	31.451
S16.A7	-6.980	55.469
S16.B7	-9.028	56.731
S16.C7	-27.948	31.205
S16.E7	30.865	25.449
S16.B8	-26.751	19.361
S16.D8	-27.394	31.516
S16.E8	-23.584	31.486
S16.G8	-27.534	30.962
S16.G9	-3.301	55.143
S16.C10	-10.652	49.400
S16.D10	-3.449	57.135
S16.F10	-3.283	54.991
S16.B11	5.376	62.700
S16.D11	-11.269	38.701
S16.A12	8.716	36.701
S17.A1	-15.041	39.143
S17.C1	-9.363	48.795
S17.H1	7.970	66.044
S17.B2	9.277	78.096
S17.D2	9.005	77.279
S17.F2	8.762	65.944
S17.G2	10.047	67.240
S17.H2	10.072	78.339
S17.A3	9.483	66.644
S17.C3	9.929	67.103
S17.D3	5.545	63.472
S17.E3	22.616	7.197
S17.F3	8.364	65.889
S17.B5	7.876	65.693
S17.E6	8.728	77.846
S17.G6	17.586	7.770
S17.H6	8.806	77.414
S17.A7	5.628	63.514
S17.B7	8.400	79.816
S17.C7	9.795	67.091
S17.D7	22.885	7.291
S17.F7	9.542	78.268
S17.H7	9.989	66.967
S17.C8	7.924	65.612
S17.D8	7.852	65.395
S17.E8	8.777	77.844
S17.B9	7.772	65.387
S17.E9	7.735	65.226
S17.F9	10.071	67.884
S17.H9	8.857	77.448
S17.C10	8.270	62.557
S17.D10	12.628	30.127
S17.E10	27.331	26.579
S17.F10	25.689	24.388
S17.G10	-30.094	34.744
S17.C11	12.448	30.255
S17.E11	10.103	15.250
S17.F11	26.055	24.982
S17.B12	13.182	4.113
S17.C12	27.167	25.651
S17.F12	-10.480	6.188
S17.G12	18.874	4.224
S17.H12	15.030	4.915
S19.B1	-29.683	35.432
S19.G1	19.688	3.640
S19.D2	28.016	23.499
S19.G2	9.265	4.283
S19.C3	19.569	3.634
S19.D3	32.729	26.785
S19.F3	26.601	24.050
S19.G3	13.258	1.837
S19.A4	-11.563	16.276
S19.C4	-11.713	42.725
S19.E4	7.459	47.246
S19.F4	12.164	67.061
S19.G4	-25.605	32.816
S19.D5	8.708	61.787
S19.G5	12.415	68.346
S19.H5	10.856	69.605
S19.A6	-16.676	39.259
S19.G6	9.256	73.661
S19.A7	-6.803	40.891
S19.B7	-27.139	29.424
S19.C7	12.057	67.143
S19.D7	11.298	78.936
S19.E7	-28.900	13.991
S19.F7	12.431	68.288
S19.G7	8.527	59.631
S19.A8	10.509	79.750
S19.B8	10.995	79.093
S19.D8	5.467	78.616
S19.F8	20.549	15.156
S19.G8	-11.428	37.637
S19.A9	29.912	27.845
S19.B9	11.495	73.655
S19.E9	-25.944	20.560
S19.H9	8.375	61.248
S19.B10	11.125	78.932
S19.C10	-24.363	31.491
S19.D10	25.288	13.381
S19.E10	12.360	68.311
S19.F10	20.967	15.659
S19.G10	12.306	65.706
S19.A11	13.719	73.947
S19.D11	-25.185	27.462
S19.H11	25.784	27.311
S19.B12	20.328	43.672
S19.C12	7.274	57.497
S19.D12	12.888	64.987
S19.E12	7.058	61.316
S19.G12	13.392	28.901
S19.H12	-10.826	16.571
S20.C1	3.054	7.991
S20.D1	3.663	8.246
S20.E1	6.957	10.174
S20.G1	-8.414	2.772
S20.H1	4.440	8.572
S20.B2	-9.851	8.958
S20.G2	-15.298	3.153
S20.H2	7.787	12.319
S20.A3	13.694	28.983
S20.D3	-7.967	11.407
S20.E3	-10.289	15.545
S20.H3	14.723	8.646
S20.A4	-14.547	6.506
S20.B4	41.200	40.250
S20.C4	5.024	8.524
S20.D4	9.665	11.474
S20.E4	5.439	7.796
S20.F4	9.778	7.764
S20.A5	9.855	13.780
S20.B5	13.626	27.455
S20.E5	4.679	8.657
S20.G5	8.740	11.650
S20.A6	-8.449	9.955
S20.B6	5.817	7.976
S20.D6	5.846	9.569
S20.E6	-14.967	6.246
S20.F6	-1.401	5.589
S20.G6	-17.701	4.779
S20.F7	9.435	11.399
S20.A8	-14.957	6.626
S20.C8	26.704	31.526
S20.F8	12.748	64.766
S20.H8	-2.439	53.799
S20.A9	-7.092	38.430
S20.E9	8.552	62.838
S20.G9	-6.203	37.386
S20.A10	12.087	65.741
S20.B10	7.142	58.941
S20.C10	6.171	58.015
S20.D10	28.616	32.347
S20.F10	20.787	6.437
S20.G10	-24.220	32.504
S20.H10	-7.825	37.759
S20.C11	6.107	59.600
S20.E11	11.634	65.310
S20.F11	-51.413	40.848
S20.G11	-20.448	24.683
S20.H11	5.937	60.248
S20.A12	4.595	56.970
S20.C12	-17.967	14.893
S20.D12	8.259	37.369
S20.E12	28.521	27.025
S21.A1	28.650	31.324
S21.C1	5.877	58.850
S21.D1	12.687	64.923
S21.E1	4.752	57.992
S21.F1	-7.761	36.645
S21.H1	12.170	65.330
S21.A2	6.551	59.794
S21.B2	6.431	59.074
S21.C2	14.950	45.100
S21.G2	-23.595	27.648
S21.A3	11.782	65.678
S21.C3	5.048	57.592
S21.E3	-29.054	31.745
S21.F3	6.521	58.271
S21.H3	-8.873	37.105
S21.A4	12.119	64.892
S21.B4	5.351	36.515
S21.E4	3.511	58.840
S21.H4	11.093	78.951
S21.A5	-16.670	39.806
S21.B5	7.425	57.420
S21.E5	-26.090	32.929
S21.F5	10.612	68.447
S21.G5	10.640	69.288
S21.B6	-11.420	37.599
S21.D6	-23.303	27.799
S21.F6	-23.123	28.104
S21.G6	-25.844	32.734
S21.C7	5.973	60.172
S21.D7	-7.510	38.259
S21.A8	19.109	15.133
S21.C8	-2.983	54.232
S21.D8	-2.440	53.888
S21.F8	-9.907	37.579
S21.H8	29.460	28.939
S21.A9	-6.010	37.729
S21.B9	7.166	60.046
S21.H9	5.808	57.132
S21.A10	-25.705	32.404
S21.B10	-10.832	39.745
S21.G10	-27.805	11.168
S22.B7	-24.037	27.466
S22.G7	-19.032	36.936
S22.F8	28.983	32.204
S22.G8	7.349	80.710
S22.C9	-22.608	28.320
S22.F9	-7.786	58.878
S22.G9	-6.148	58.643
S22.C10	9.253	59.904
S22.D10	9.580	60.404
S22.E10	31.883	31.335
S22.A11	9.506	60.503
S22.B11	7.552	57.485
S22.D11	7.750	47.028
S22.E11	31.426	31.315
S22.F11	-34.500	20.818
S22.H11	9.006	63.420
S22.A12	11.028	66.494
S22.B12	20.349	12.803
S22.F12	9.645	63.884
S22.G12	12.003	79.353
S23.A1	-0.998	65.440
S23.B1	-2.040	60.978
S23.D1	-23.859	21.612
S23.F1	-23.617	21.873
S23.G1	2.424	79.430
S23.A2	-2.771	64.176
S23.C2	-28.552	13.327
S23.D2	-1.828	74.139
S23.E2	-21.434	29.889
S23.F2	-2.571	74.635
S23.G2	-2.383	74.488
S23.H2	-1.804	78.021
S23.B3	-3.198	75.453
S23.F3	-3.250	75.735
S23.H3	-3.222	75.908
S23.A4	-0.990	74.031
S23.B4	-22.368	25.886
S23.C4	-1.179	74.252
S23.D4	-28.905	13.607
S23.E4	-23.244	24.863
S23.H4	-23.171	25.495
S23.A5	-20.163	28.262
S23.B5	-17.373	15.521
S23.E5	-1.804	61.244
S23.F5	-24.847	19.386
S23.G5	3.830	79.963
S23.H5	3.649	79.395
S23.B6	-28.366	13.059
S23.D6	8.574	50.149
S23.F6	3.336	79.490
S23.G6	-0.917	65.580
S23.H6	-3.119	75.635
S23.A7	13.720	80.047
S23.B7	-2.296	74.626
S23.C7	-22.857	25.328
S23.D7	-0.963	65.560
S23.E7	-1.914	74.420
S23.F7	-19.349	29.327
S23.A8	1.325	77.839
S23.B8	-1.952	74.789
S23.D8	1.014	77.619
S23.E8	-1.755	74.565
S23.H8	-2.554	77.908
S23.B9	4.622	78.879
S23.C9	-6.560	58.506
S23.D9	4.434	79.111
S23.E9	-23.737	21.923
S23.F9	-22.901	25.475
S23.G9	30.554	29.112
S23.H9	-2.145	74.464
S23.A10	2.257	79.123
S23.B10	-2.055	74.654
S23.D10	2.540	77.759
S23.E10	-1.341	74.260
S23.F10	-2.388	78.270
S23.G10	3.964	80.438
S23.A11	-2.691	77.764
S23.B11	-21.795	27.198
S23.D11	2.212	78.069
S23.F11	22.890	9.815
S23.G11	-0.979	65.368
S23.A12	-28.299	10.935
S23.C12	-2.569	78.308
S23.D12	-20.882	29.167
S23.E12	-1.024	65.248
S23.H12	-20.459	28.382
S24.D1	7.417	77.119
S24.E1	25.133	9.360
S24.F1	8.046	75.970
S24.H1	10.263	77.410
S24.C2	6.706	66.056
S24.E2	6.423	66.885
S24.G2	6.515	76.892
S24.H2	8.217	79.150
S24.A3	7.549	76.958
S24.B3	7.970	76.154
S24.F3	-3.482	58.378
S24.G3	22.518	13.589
S24.A4	-10.104	39.275
S24.B4	23.478	11.106
S24.C4	7.309	78.937
S24.E4	8.209	75.400
S24.F4	-22.061	28.047
S24.G4	7.086	79.267
S24.H4	8.749	78.948
S24.E5	7.448	77.189
S24.H5	7.685	79.310
S24.A6	-22.894	29.694
S24.B6	8.578	76.138
S24.D6	8.836	75.470
S24.E6	33.465	28.497
S24.F6	-17.853	15.176
S24.G6	6.931	77.836
S24.A7	5.762	64.299
S24.C7	7.748	75.690
S24.D7	8.023	75.061
S24.E7	-3.505	58.523
S24.G7	-22.271	32.665
S24.A8	8.518	79.199
S24.B8	5.995	67.246
S24.C8	6.968	79.602
S24.E8	7.054	78.588
S24.F8	7.110	66.003
S24.A9	6.989	74.922
S24.B9	25.018	10.886
S24.C9	-24.431	29.268
S24.D9	-17.479	15.483
S24.F9	7.338	75.544
S24.A10	-24.659	26.423
S24.B10	7.448	77.289
S24.D10	8.244	75.217
S24.E10	7.851	76.049
S24.F10	7.880	75.779
S24.B11	-22.694	28.875
S24.D11	-26.192	19.346
S24.E11	33.134	28.425
S24.F11	7.321	78.317
S24.G11	6.032	60.299
S24.B12	6.440	73.509
S24.C12	28.349	26.599
S24.E12	-28.492	11.422
S24.G12	7.554	76.764
S24.H12	7.815	76.830
S25.C1	4.894	9.941
S25.E1	10.866	8.618
S25.F1	-8.953	14.398
S25.B2	13.370	29.343
S25.C2	-11.113	9.293
S25.D2	-11.048	16.352
S25.E2	5.818	5.860
S25.F2	-8.081	9.583
S25.G2	13.527	28.081
S25.H2	-9.270	16.244
S25.A3	-25.730	14.689
S25.B3	7.041	9.877
S25.C3	10.368	8.748
S25.D3	-8.278	11.189
S25.E3	7.286	5.986
S25.G3	-9.412	15.874
S25.H3	-11.690	7.058
S25.D4	4.611	9.290
S25.E4	-10.355	16.338
S25.H4	13.760	26.067
S25.A5	-2.787	9.233
S25.B5	12.321	6.783
S25.C5	12.772	29.314
S25.D5	-4.557	12.273
S25.E5	9.813	7.290
S25.A6	8.464	5.952
S25.C6	10.086	7.520
S25.D6	-10.444	6.216
S25.E6	-15.369	6.107
S25.F6	4.103	8.882
S25.G6	6.446	9.333
S25.H6	11.198	9.570
S25.C7	9.564	7.932
S25.D7	-9.460	8.212
S25.E7	-3.851	9.577
S25.F7	-11.526	16.857
S25.G7	-10.034	6.172
S25.A8	8.691	7.147
S25.B8	8.880	7.471
S25.D8	7.988	6.925
S25.F8	-11.393	3.948
S25.G8	-11.930	3.563
S25.A9	-11.380	17.000
S25.B9	-25.232	14.898
S25.C9	2.985	7.110
S25.D9	-5.219	4.963
S25.F9	-6.623	13.672
S25.G9	-11.701	5.270
S25.A10	-15.739	5.313
S25.B10	-8.408	15.248
S25.C10	-16.027	2.563
S25.E10	14.173	8.416
S25.G10	-9.561	17.381
S25.H10	-25.999	11.754
S25.F11	-6.501	10.599
S25.H11	-10.935	16.612
S25.A12	8.784	7.861
S25.B12	8.577	6.918
S25.C12	-2.612	9.184
S25.D12	14.165	8.130
S25.E12	-10.818	16.470
S25.F12	-12.053	1.108
S25.G12	41.232	40.233
S25.H12	11.932	6.471
S26.A1	7.035	45.292
S26.B1	25.902	30.160
S26.D1	29.544	29.824
S26.E1	18.329	11.202
S26.F1	8.203	41.560
S26.G1	18.159	11.619
S26.H1	-2.496	38.788
S26.B2	22.620	11.650
S26.E2	3.764	40.178
S26.G2	25.168	24.236
S26.H2	-27.786	15.073
S26.B3	-15.797	44.069
S26.C3	3.768	41.071
S26.D3	19.369	11.473
S26.F3	9.781	63.816
S26.G3	20.661	16.820
S26.A4	5.259	39.789
S26.C4	-32.301	34.481
S26.D4	28.908	29.537
S26.F4	19.118	10.702
S26.G4	29.226	29.851
S26.H4	25.245	31.207
S26.A5	27.595	28.694
S26.B5	27.316	28.433
S26.C5	3.730	38.880
S26.D5	4.339	40.040
S26.F5	20.995	25.829
S26.G5	5.657	38.871
S26.H5	22.385	12.716
S26.B6	18.526	10.754
S26.D6	27.367	35.226
S26.E6	22.163	24.863
S26.G6	1.705	40.379
S26.H6	0.849	42.316
S26.A7	-4.397	19.548
S26.D7	27.148	29.010
S26.E7	4.404	39.678
S26.F7	15.091	45.434
S26.A8	23.116	14.096
S26.F8	25.558	10.459
S26.G8	-29.364	34.818
S26.A9	27.985	28.329
S26.E9	23.833	27.500
S26.G9	4.539	40.206
S26.B10	2.399	42.169
S26.D10	4.276	40.387
S26.C11	28.403	29.951
S26.E11	18.591	16.732
S26.F11	-28.110	46.480
S26.G11	28.300	34.231
S26.H11	-2.463	38.596
S26.D12	19.324	12.316
S26.F12	21.742	11.464
S26.G12	29.139	29.077
S26.H12	23.712	27.101
S27.A1	8.645	42.564
S27.C1	-22.233	24.720
S27.F1	5.587	40.021
S27.H1	1.456	40.473
S27.A2	-4.657	42.287
S27.G2	3.720	44.632
S27.H2	16.319	52.385
S27.A3	1.610	41.080
S27.B3	-22.423	10.433
S27.E3	-51.762	37.490
S27.G3	22.430	13.530
S27.H3	-29.863	37.065
S27.B4	8.364	41.939
S27.D4	-2.403	38.435
S27.E4	4.693	44.071
S27.F4	4.222	42.168
S27.G4	-11.410	41.153
S27.H4	5.595	38.909
S27.A5	6.042	39.211
S27.B5	20.000	11.473
S27.C5	4.265	40.286
S27.D5	14.009	52.116
S27.E5	4.595	40.112
S27.F5	-21.842	36.935
S27.H5	-24.786	25.297
S27.B6	1.040	39.453
S27.C6	24.887	11.642
S27.G6	5.886	38.573
S27.H6	26.908	31.934
S27.B7	7.629	41.624
S27.D7	13.476	51.903
S27.G7	15.771	21.543
S27.H7	-26.853	35.784
S27.B8	28.342	35.479
S27.D8	6.785	41.570
S27.F8	5.321	44.682
S27.D9	16.666	55.440
S27.E9	6.037	39.691
S27.F9	6.282	40.193
S27.C10	-0.203	39.483
S27.E10	13.642	51.997
S27.F10	-19.819	14.549
S27.G10	9.135	47.694
S27.A11	28.312	35.357
S27.B11	26.148	33.230
S27.C11	12.581	48.097
S27.D11	-18.455	14.845
S27.F11	8.045	41.845
S27.G11	-0.793	41.192
S27.H11	-29.569	24.098
S27.A12	2.757	41.355
S27.C12	-0.023	39.392
S27.D12	23.682	8.910
S27.E12	14.728	51.759
S27.H12	-30.992	35.532
S28.A1	-9.068	17.096
S28.C1	-16.639	5.472
S28.D1	9.834	13.840
S28.E1	5.539	11.525
S28.F1	1.773	1.637
S28.G1	-32.045	34.948
S28.H1	-50.167	36.665
S28.A2	12.729	7.442
S28.B2	-28.062	35.338
S28.D2	6.829	8.570
S28.E2	7.152	9.236
S28.G2	5.530	7.785
S28.H2	-51.217	36.877
S28.A3	6.128	11.367
S28.C3	18.035	14.289
S28.D3	8.225	9.047
S28.F3	6.308	12.911
S28.G3	8.698	8.957
S28.H3	11.018	11.034
S28.A4	9.198	9.331
S28.C4	6.506	12.807
S28.D4	-33.080	34.342
S28.E4	9.865	9.961
S28.F4	10.093	10.284
S28.G4	3.021	8.218
S28.A5	9.218	9.648
S28.B5	6.816	7.580
S28.C5	6.022	8.296
S28.D5	10.573	12.299
S28.E5	9.689	10.098
S28.G5	-33.451	34.280
S28.A6	-11.357	16.783
S28.B6	23.991	14.224
S28.C6	7.071	12.033
S28.D6	9.988	13.116
S28.E6	-27.520	44.232
S28.H6	-9.310	18.514
S28.A7	-15.558	5.658
S28.B7	8.422	10.250
S28.E7	-9.991	2.449
S28.F7	2.320	9.107
S28.H7	-9.914	4.757
S28.C8	11.525	12.525
S28.E8	-9.953	2.528
S28.G8	9.837	13.936
S28.H8	-10.604	1.555
S28.A9	3.354	9.046
S28.B9	-9.918	2.766
S28.C9	3.130	8.718
S28.D9	7.941	11.359
S28.E9	8.534	10.139
S28.F9	-1.281	7.962
S28.G9	12.302	7.631
S28.A10	6.391	8.008
S28.C10	5.591	12.582
S28.D10	7.432	8.704
S28.E10	1.728	8.955
S28.F10	7.065	6.338
S28.H10	3.735	12.012
S28.A11	8.307	9.574
S28.B11	-4.422	10.095
S28.C11	8.802	10.433
S28.G11	-8.395	12.678
S28.H11	9.860	14.110
S28.B12	-11.184	2.661
S28.C12	11.842	10.950
S28.D12	9.441	12.733
S28.G12	-13.909	6.225
S31.B3	40.873	58.155
S31.A4	39.956	59.417
S31.G5	-26.182	44.360
S31.B6	-29.650	41.610
S31.D8	40.857	56.857
S31.B9	41.798	60.253
S31.E9	-27.323	40.355
S31.G9	-27.065	23.224
S31.G10	-27.203	42.876
S31.G12	-28.476	40.979
S31.H12	41.116	57.041
S32.H2	-28.657	40.768
S32.B3	41.135	40.235
S32.D3	-26.874	40.187
S32.E4	-27.258	42.869
S32.H4	41.286	60.053
S32.E6	-27.111	43.058
S32.H6	-28.821	41.074
S32.E7	-28.655	40.753
S32.B8	-28.680	40.928
S32.E8	-27.898	46.199
S32.G9	-28.716	45.995
S32.H9	-28.653	41.022
S32.B10	-26.620	40.089
S32.G10	41.658	40.295
S32.C11	-27.677	43.117
S32.D12	-51.402	40.822
S32.F12	-28.721	42.613
S32.H12	-27.566	46.217
S33.H1	13.410	23.767
S33.H2	41.236	59.956
S33.F3	41.103	60.090
S33.F5	-28.931	45.869
S33.G5	-27.415	46.078
S33.B6	-28.736	40.725
S33.G6	-28.667	41.453
S33.G7	-28.612	41.650
S33.F8	-27.838	46.050
S33.A9	25.615	35.671
S33.G9	40.676	40.266
S33.F10	41.171	57.768
S33.G11	40.002	57.997
S33.B12	-49.717	36.216
S33.C12	-27.535	40.583
S35.A4	-27.158	17.003
S35.B4	-28.349	21.447
S35.C4	37.732	58.019
S35.D4	-27.786	17.387
S35.E4	38.100	58.454
S35.F4	37.470	59.729
S35.H4	40.911	59.763
S35.B5	16.053	12.789
S35.C5	38.361	58.249
S35.D5	37.473	57.963
S35.E5	-21.033	9.201
S35.F5	-28.168	21.196
S35.G5	-50.794	36.651
S35.H5	37.076	58.567
S35.A6	38.311	58.516
S35.B6	37.391	57.960
S35.E6	-51.326	40.843
S35.F6	38.521	58.539
S35.G6	37.529	58.123
S35.H6	37.553	58.046
S35.A7	-15.835	43.499
S35.C7	38.580	58.255
S35.D7	37.482	59.560
S35.E7	-19.716	10.789
S35.F7	-24.455	12.902
S35.G7	-51.337	40.807
S35.H7	37.400	57.940
S35.A8	37.222	59.234
S35.B8	1.079	46.466
S35.C8	-27.914	18.855
S35.E8	-51.304	40.842
S35.F8	-27.766	17.237
S35.G8	37.407	57.884
S35.H8	-27.883	17.230
S35.A9	-22.686	12.266
S35.B9	-27.808	17.026
S35.C9	37.539	58.070
S35.D9	-51.391	40.885
S35.E9	37.587	58.017
S35.G9	38.963	58.536
S35.H9	37.070	59.078
S35.A10	38.678	59.053
S35.B10	37.243	59.336
S35.C10	37.703	58.064
S35.E10	40.616	59.302
S35.G10	37.599	58.158
S35.H10	37.182	59.345
S36.B1	39.445	58.645
S36.C1	38.900	57.240
S36.E1	40.363	56.909
S36.F1	39.030	56.946
S36.A2	38.761	57.165
S36.F2	39.205	56.955
S36.B3	41.814	57.029
S36.H3	39.617	58.883
S36.A4	39.035	57.116
S36.E4	39.367	57.160
S36.F4	38.927	57.135
S36.C5	39.498	58.904
S36.G5	39.037	56.790
S36.H5	39.124	56.937
S36.A6	39.105	56.897
S36.B6	39.538	56.384
S36.D6	1.764	44.927
S36.F6	39.473	58.241
S36.G6	-26.479	46.663
S36.C7	39.650	56.825
S36.D7	39.217	56.956
S36.E7	41.127	40.242
S36.F7	39.910	56.332
S36.H7	-5.307	35.962
S36.A8	-12.035	38.519
S36.D8	39.726	57.278
S36.F8	-3.147	52.000
S36.G8	-3.414	52.199
S36.H8	-30.486	20.083
S36.A9	-21.413	15.356
S36.C9	-18.800	29.263
S36.D9	-2.527	52.003
S36.E9	-3.901	50.730
S36.F9	-18.753	29.349
S36.H9	-18.847	28.623
S36.A10	-30.099	20.168
S36.B10	-30.398	21.237
S36.C10	-30.831	20.201
S36.E10	-19.481	11.158
S36.A11	-32.678	32.947
S36.B11	-30.105	19.919
S36.C11	-2.194	51.933
S36.D11	-26.720	33.636
S36.E11	-16.856	41.866
S36.F11	-26.784	33.742
S36.G11	-18.773	29.329
S36.H11	-14.813	46.485
S36.A12	-24.804	31.601
S36.B12	-30.365	21.071
S36.C12	-30.272	20.642
S36.D12	-14.685	45.301
S36.E12	-4.118	50.214
S36.G12	-19.965	10.757
S37.A1	0.531	49.342
S37.B1	24.278	9.874
S37.C1	-4.451	19.823
S37.E1	-13.847	41.915
S37.F1	1.052	35.121
S37.G1	2.127	54.209
S37.A2	-19.747	12.827
S37.B2	-0.868	49.254
S37.D2	-1.567	49.239
S37.E2	-9.480	43.371
S37.F2	-2.272	48.582
S37.G2	-30.243	17.718
S37.H2	0.919	35.108
S37.A3	0.918	51.842
S37.B3	-7.333	48.482
S37.C3	2.131	52.486
S37.E3	0.414	50.293
S37.F3	24.116	6.838
S37.G3	-19.380	9.434
S37.A4	-3.421	47.991
S37.B4	31.163	28.128
S37.D4	5.443	50.403
S37.G4	-24.444	22.264
S37.H4	-7.465	48.158
S37.A5	-31.922	32.232
S37.B5	4.093	52.511
S37.E5	-4.212	49.150
S37.F5	3.846	35.996
S37.G5	-3.095	48.895
S37.A6	-25.926	22.439
S37.B6	-7.877	47.498
S37.C6	-8.035	48.166
S37.D6	-4.003	48.915
S37.E6	24.388	8.590
S37.G6	-0.662	49.234
S37.A7	2.409	53.712
S37.B7	-6.952	45.591
S37.C7	5.967	37.702
S37.E7	-25.033	22.997
S37.F7	5.625	53.422
S37.G7	-5.479	48.037
S37.H7	0.889	35.064
S37.A8	-21.110	13.829
S37.C8	-24.057	33.170
S37.D8	-1.348	50.241
S37.E8	-29.030	33.362
S37.G8	-7.374	47.112
S37.H8	11.328	38.408
S37.B9	-17.177	16.162
S37.C9	10.719	16.449
S37.D9	-1.525	49.350
S37.E9	-1.856	49.890
S37.F9	-5.385	47.974
S37.A10	-3.714	47.680
S37.B10	-4.426	48.383
S37.C10	0.060	48.887
S37.D10	-1.474	49.008
S37.E10	-6.548	46.140
S37.F10	0.631	35.022
S37.G10	-4.723	46.496
S37.B11	-27.309	24.105
S37.D11	7.605	53.716
S37.E11	-4.203	48.973
S37.B12	-27.963	23.056
S37.C12	-29.712	18.122
S37.D12	-28.869	26.945
S37.F12	31.532	27.536
S37.G12	-1.937	48.031
S38.A1	40.834	40.255
S38.C1	-15.351	44.427
S38.D1	-29.182	33.425
S38.E1	-29.856	33.177
S38.A2	-24.706	34.837
S38.B2	-25.509	27.809
S38.D2	22.100	8.556
S38.E2	-3.105	48.922
S38.F2	-28.792	33.692
S38.H2	-27.191	32.556
S38.A3	-7.751	47.220
S38.B3	16.073	21.385
S38.C3	-28.082	33.388
S38.E3	-14.430	44.645
S38.H3	-12.683	43.695
S38.C4	-14.538	44.574
S38.D4	-16.660	41.771
S38.E4	-28.906	34.753
S38.G4	-27.811	28.949
S38.H4	-5.647	46.756
S38.A5	-25.380	27.927
S38.C5	-1.469	48.119
S38.D5	-24.537	34.989
S38.E5	-28.227	15.629
S38.F5	-19.554	14.720
S38.G5	-27.998	33.320
S38.H5	-27.454	20.730
S38.C6	-8.223	47.210
S38.D6	-27.458	33.089
S38.E6	-28.656	15.603
S38.F6	-25.983	26.230
S38.G6	-27.489	20.498
S38.H6	-25.224	34.134
S38.B7	-29.020	27.048
S38.C7	-3.036	48.263
S38.D7	-2.790	49.093
S38.E7	-16.900	41.012
S38.F7	-1.814	49.249
S38.G7	-2.547	48.972
S38.B8	-27.768	29.397
S38.E8	-7.927	47.616
S38.F8	-26.078	22.394
S38.G8	-8.352	47.106
S38.H8	0.673	49.037
S38.A9	-27.955	33.591
S38.B9	-27.700	24.079
S38.C9	-26.329	21.938
S38.D9	-2.755	49.697
S38.E9	-20.010	12.291
S38.F9	22.977	8.473
S38.G9	-3.291	47.620
S38.B10	-2.009	47.966
S38.C10	-3.538	47.719
S38.D10	-5.212	45.718
S38.F10	21.925	8.851
S38.B11	21.249	17.378
S38.C11	-3.508	48.827
S38.D11	-13.864	45.042
S38.F11	-3.598	49.781
S38.H11	30.884	27.820
S38.A12	-28.514	15.646
S41.A1	-15.064	6.134
S41.C1	-9.740	17.683
S41.D1	2.120	1.253
S41.E1	6.312	9.442
S41.F1	-8.775	5.190
S41.G1	3.614	9.432
S41.H1	-9.179	14.620
S41.A2	14.605	29.303
S41.B2	28.636	26.064
S41.C2	18.356	26.698
S41.D2	11.382	10.932
S41.E2	26.312	29.552
S41.F2	-9.908	2.990
S41.G2	-17.107	5.084
S41.H2	7.921	10.204
S41.A3	-8.693	5.097
S41.B3	-14.840	1.930
S41.C3	3.269	1.190
S41.D3	-9.438	13.430
S41.E3	-16.986	4.623
S41.G3	9.493	7.974
S41.H3	-9.285	17.144
S41.A4	5.999	9.381
S41.B4	9.853	7.950
S41.C4	-14.606	5.053
S41.E4	11.596	30.979
S41.F4	3.554	8.819
S41.G4	-2.292	9.403
S41.H4	-15.865	2.626
S41.B5	11.938	27.731
S41.D5	5.719	11.245
S41.E5	39.641	59.146
S41.H5	-11.166	4.647
S41.C6	11.079	7.150
S41.D6	6.997	9.242
S41.E6	-7.404	7.774
S41.G6	5.462	9.184
S41.E7	15.536	7.340
S41.F7	-8.395	10.087
S41.G7	-9.043	17.117
S41.A8	-10.949	1.713
S41.C8	8.746	8.835
S41.D8	4.962	9.997
S41.E8	30.556	30.773
S41.F8	-11.450	1.861
S41.G8	-3.974	9.771
S41.H8	11.206	7.354
S41.A9	14.507	28.593
S41.B9	8.724	9.107
S41.D9	-1.261	7.765
S41.E9	-12.185	2.553
S41.F9	7.474	6.048
S41.G9	-10.171	17.681
S41.B10	-10.720	9.384
S41.C10	10.964	11.011
S41.H10	8.977	50.335
S41.A11	24.046	10.665
S41.C11	1.737	74.875
S41.A12	-18.805	30.951
S41.C12	17.975	55.684
S41.F12	-0.331	76.811
S41.G12	-29.102	13.405
S42.B1	-0.708	53.181
S42.D1	-13.657	41.948
S42.E1	16.769	59.766
S42.F1	-1.274	77.125
S42.G1	9.643	50.234
S42.H1	-28.379	11.361
S42.A2	14.663	58.446
S42.B2	-12.400	42.684
S42.C2	0.994	77.299
S42.E2	2.417	77.209
S42.F2	-23.602	28.075
S42.H2	12.607	69.030
S42.A3	-21.053	9.805
S42.B3	8.200	51.325
S42.C3	17.941	55.595
S42.D3	-0.570	74.503
S42.A4	21.656	53.943
S42.B4	15.381	58.653
S42.D4	7.839	37.207
S42.F4	0.483	77.682
S42.G4	15.703	58.347
S42.C5	15.671	58.378
S42.D5	0.601	76.880
S42.A6	15.328	58.483
S42.B6	8.377	51.866
S42.D6	17.620	18.322
S42.G6	10.314	49.316
S42.E7	21.577	56.649
S42.F7	-29.223	37.876
S42.H7	6.575	50.629
S42.B8	-4.027	44.535
S42.C8	-20.380	9.590
S42.F8	16.309	55.297
S42.H8	6.175	49.801
S42.A9	-19.585	14.940
S42.D9	21.386	56.918
S42.E9	1.752	41.034
S42.G9	7.493	52.204
S42.A10	1.933	40.870
S42.B10	17.530	52.582
S42.C10	6.059	49.890
S42.E10	20.338	56.285
S42.G10	16.299	55.501
S42.B11	30.318	30.805
S42.C11	11.878	51.400
S42.E11	21.805	57.206
S42.G11	3.781	39.808
S42.H11	-17.533	39.481
S42.B12	-13.420	39.662
S42.C12	22.947	9.485
S42.G12	-10.176	41.359
S42.H12	21.793	56.318
S44.D5	-31.690	32.118
S44.H5	6.179	51.315
S44.A6	28.709	27.726
S44.B6	-3.857	45.906
S44.F6	29.551	27.833
S44.B7	-2.479	46.777
S44.G7	-25.595	21.037
S44.A8	19.602	5.635
S44.B8	15.599	56.549
S44.D8	-14.751	43.819
S44.G8	-0.187	41.968
S44.H8	1.061	47.740
S44.A9	2.853	54.358
S44.C9	-8.319	46.203
S44.D9	-12.536	43.309
S44.F9	2.574	44.714
S44.G9	1.044	47.765
S44.H9	-3.458	45.202
S44.A10	14.480	54.755
S44.D10	29.717	30.608
S44.E10	-31.568	34.852
S44.F10	-2.783	46.139
S44.G10	14.487	54.030
S44.A11	7.989	46.153
S45.C1	5.231	37.537
S45.F1	-49.552	36.103
S45.G1	-27.153	46.351
S45.A2	25.887	32.388
S45.B2	7.312	46.685
S45.D2	5.359	43.241
S45.E2	28.523	28.155
S45.G2	-29.510	37.108
S45.H2	7.557	46.918
S45.B3	20.428	15.090
S45.E3	-26.954	43.717
S45.F3	23.154	11.112
S45.G3	-27.717	42.190
S45.B4	3.304	42.026
S45.D4	-29.025	41.560
S45.E4	6.204	40.264
S45.F4	5.696	43.624
S45.G4	6.086	43.618
S45.H4	17.764	43.241
S45.A5	-26.698	46.546
S45.C5	-24.664	27.038
S45.D5	-29.360	35.163
S45.E5	-11.590	41.420
S45.G5	-27.823	46.322
S45.H5	-27.340	45.892
S45.A6	7.418	41.406
S45.B6	-24.697	17.655
S45.C6	5.717	40.750
S45.D6	28.467	34.032
S45.G6	31.088	23.809
S45.H6	28.729	31.328
S45.A7	3.293	43.570
S45.B7	25.355	13.413
S45.D7	-28.936	40.650
S45.E7	21.992	9.976
S45.H7	10.205	48.188
S45.A8	-27.552	46.075
S45.B8	-0.085	39.356
S45.C8	5.267	43.128
S45.E8	4.409	42.082
S45.F8	25.795	10.720
S45.H8	29.210	27.086
S45.A9	29.028	29.224
S45.D9	-51.430	40.821
S45.E9	4.123	43.102
S45.F9	-49.331	35.994
S45.G9	3.325	41.007
S45.H9	-31.513	34.898
S45.A10	2.504	42.476
S45.B10	-19.431	22.403
S45.C10	-26.958	42.957
S45.D10	-31.620	34.921
S45.E10	-49.550	36.110
S45.G10	12.475	66.671
S45.A11	-3.401	38.637
S45.E11	5.198	43.419
S45.F11	25.107	29.660
S45.G11	-27.803	41.418
S45.D12	30.609	30.568
S45.E12	29.330	28.047
S45.F12	-21.129	8.444
S45.G12	-28.622	40.717
S46.A1	0.953	42.118
S46.B1	3.844	43.913
S46.D1	15.273	52.211
S46.E1	2.673	43.546
S46.F1	-27.374	44.220
S46.G1	0.586	37.610
S46.A2	22.372	11.408
S46.B2	22.220	9.615
S46.D2	21.444	10.649
S46.E2	-28.444	34.364
S46.F2	-24.528	17.565
S46.G2	11.397	50.668
S46.H2	11.993	50.389
S46.B3	25.716	29.646
S46.C3	32.285	28.344
S46.D3	-31.911	33.921
S46.E3	23.827	10.926
S46.H3	20.839	9.347
S46.A4	3.254	44.603
S46.B4	20.442	45.776
S46.C4	17.403	56.906
S46.D4	14.113	52.157
S46.E4	29.784	29.952
S46.F4	2.215	40.768
S46.G4	17.057	15.513
S46.A5	19.428	8.951
S46.B5	3.708	44.893
S46.C5	21.844	10.716
S46.D5	22.144	9.940
S46.F5	28.090	27.468
S46.G5	-28.435	33.706
S46.H5	5.938	43.729
S46.C6	21.185	10.796
S46.D6	-3.809	38.680
S46.F6	31.700	31.001
S46.G6	2.100	44.663
S46.A7	14.633	53.023
S46.B7	2.320	43.432
S46.C7	12.535	51.961
S46.D7	2.685	43.300
S46.E7	-24.415	17.284
S46.F7	32.932	28.493
S46.G7	2.499	45.493
S46.H7	14.616	54.297
S46.A8	23.263	14.228
S46.B8	22.160	11.051
S46.C8	19.234	11.933
S46.D8	3.493	38.198
S46.E8	9.371	47.717
S46.A9	11.514	50.643
S46.B9	2.839	44.063
S46.C9	19.453	10.927
S46.D9	12.312	50.739
S46.F9	24.107	10.566
S46.G9	21.783	15.212
S46.H9	16.587	55.484
S46.A10	-31.964	34.724
S46.B10	29.129	26.559
S46.C10	-10.931	40.379
S46.D10	-29.043	39.964
S46.F10	-30.068	35.165
S46.H10	22.510	9.811
S46.A11	29.299	27.679
S46.B11	0.773	38.360
S46.C11	4.093	42.348
S46.E11	23.275	14.068
S46.F11	11.390	50.806
S46.G11	19.231	10.881
S46.A12	-30.866	14.945
S46.B12	3.471	44.773
S46.C12	22.697	10.581
S46.D12	28.666	27.577
S46.F12	4.452	38.259
S47.C1	21.218	14.719
S47.D1	18.402	17.453
S47.F1	8.034	41.686
S47.G1	6.922	43.667
S47.H1	29.690	29.905
S47.D2	-4.630	38.883
S47.H2	2.801	42.720
S47.A3	28.958	28.198
S47.B3	2.559	40.135
S47.F3	23.691	14.014
S47.G3	10.161	47.979
S47.H3	-29.021	45.809
S47.A4	32.971	24.708
S47.B4	-51.386	40.802
S47.F4	5.856	39.967
S47.H4	22.847	10.182
S47.A5	5.323	41.016
S47.B5	-50.027	36.186
S47.C5	10.109	39.349
S47.D5	-51.414	40.885
S47.E5	-51.360	40.619
S47.F5	5.832	40.449
S47.H5	21.789	10.819
S47.B6	-49.721	36.176
S47.C6	23.400	11.074
S47.E6	-31.794	34.762
S47.F6	24.023	10.617
S47.G6	4.196	43.241
S47.H6	7.407	46.666
S47.A7	32.839	24.816
S47.B7	22.942	11.587
S47.C7	30.258	30.384
S47.D7	28.896	28.825
S47.E7	18.089	13.985
S47.F7	-24.499	12.911
S47.H7	-26.282	44.758
S47.A8	2.079	42.519
S47.B8	7.680	40.601
S47.C8	28.330	31.425
S47.D8	-29.089	40.465
S47.E8	28.441	32.548
S47.A9	24.501	10.404
S47.B9	3.921	43.250
S47.C9	6.950	46.374
S47.E9	8.613	47.410
S47.G9	-27.400	44.638
S47.A10	29.632	25.990
S47.B10	-3.956	39.292
S47.C10	2.531	43.575
S47.G10	-10.159	41.430
S47.A11	19.530	15.802
S47.B11	6.325	43.064
S47.C11	6.382	43.661
S47.E11	-26.643	42.345
S47.F11	-49.795	36.296
S47.D12	-26.844	46.499
S47.F12	3.539	42.889
S47.G12	6.718	44.150
S47.H12	-32.230	34.840
S48.D7	-50.576	36.194
S48.E7	-50.478	36.243
S48.G7	-29.658	40.757
S48.H7	-50.912	36.343
S48.G8	39.967	57.655
S48.B9	-29.450	40.734
S48.C9	-50.881	36.338
S48.D9	41.817	60.236
S48.A11	41.740	60.208
S49.G1	41.213	59.779
S49.A2	41.579	59.850
S49.G3	41.602	60.102
S49.H3	41.313	58.580
S49.A4	41.374	59.940
S49.H4	41.465	40.161
S49.B5	41.170	60.018
S49.F5	40.949	58.906
S49.D6	-1.578	24.991
S49.D12	-50.899	36.275
S50.B1	40.805	57.778
S50.A2	40.345	58.330
S50.E2	41.612	59.125
S50.G2	37.375	59.865
S50.D3	-50.763	36.145
S50.H5	-50.888	36.157
S50.G6	-51.403	40.839
S50.D7	-16.441	4.909
S50.E7	-11.914	6.890
S50.F7	-9.236	1.850
S50.G7	-7.310	3.809
S50.H7	12.192	2.316
S50.A8	27.041	26.290
S50.B8	-11.517	9.264
S50.C8	11.981	2.201
S50.D8	-14.105	3.329
S50.F8	9.674	1.900
S50.G8	9.975	1.783
S50.H8	17.231	27.618
S50.A9	9.878	1.635
S50.B9	10.884	2.009
S50.C9	-8.248	11.379
S50.D9	-11.766	17.508
S50.E9	9.030	1.753
S50.G9	-5.740	61.045
S50.A10	6.594	75.808
S50.B10	-20.481	28.789
S50.C10	5.492	75.013
S50.D10	10.078	77.182
S50.E10	5.224	76.842
S50.F10	-4.884	60.908
S50.G10	0.872	66.839
S50.H10	0.094	66.991
S50.A11	-23.590	30.952
S50.B11	-23.864	24.331
S50.C11	13.346	79.858
S50.D11	1.179	60.900
S50.F11	-34.515	20.843
S50.G11	-22.506	32.964
S50.H11	-21.642	32.296
S50.A12	6.701	80.145
S50.B12	-21.569	26.338
S50.C12	0.887	73.873
S50.D12	-4.967	60.749
S50.E12	9.793	76.921
S50.F12	-21.916	28.178
S50.G12	-2.032	76.654
S50.H12	-3.196	76.179
S51.A1	-6.334	61.415
S51.B1	1.326	77.857
S51.C1	-0.377	74.141
S51.D1	4.407	79.537
S51.E1	-5.371	61.626
S51.F1	-6.146	37.229
S51.G1	2.615	79.004
S51.H1	-3.369	62.138
S51.A2	-28.835	13.674
S51.B2	-0.566	66.715
S51.C2	-1.526	76.471
S51.D2	-1.205	75.335
S51.F2	-3.594	76.340
S51.H2	20.592	15.845
S51.G2	13.431	74.833
S51.C3	-25.741	35.006
S51.D3	-20.276	10.267
S51.E3	-11.817	42.256
S51.F3	-10.331	39.675
S51.G3	-26.552	19.280
S51.H3	-8.482	38.829
S51.A4	-9.232	39.214
S51.B4	-9.191	39.151
S51.D4	-7.759	36.374
S51.D7	8.000	7.755
S51.E7	-17.706	5.050
S51.F7	7.405	6.856
S51.G7	7.341	6.917
S51.H7	6.423	5.118
S51.A8	14.263	28.965
S51.B8	-8.802	15.985
S51.C8	13.363	29.005
S51.D8	11.124	3.006
S51.E8	-12.564	0.725
S51.F8	9.323	3.132
S51.G8	4.105	6.414
S51.A9	-6.179	10.179
S51.B9	-1.790	9.236
S51.C9	12.851	29.325
S51.D9	-15.092	2.203
S51.E9	9.705	10.669
S51.F9	-9.176	9.687
S51.G9	-12.141	4.223
S51.H9	5.979	5.508
S51.A10	-5.129	9.358
S51.B10	-11.093	3.742
S51.C10	-27.588	19.742
S51.D10	18.144	5.069
S51.E10	-22.601	33.870
S51.F10	-24.639	26.300
S51.G10	-10.206	55.702
S51.H10	-24.616	30.571
S51.A11	-28.128	29.773
S51.C11	-27.718	19.870
S51.D11	-26.868	19.445
S51.E11	-21.600	7.832
S51.F11	28.331	24.286
S51.G11	18.628	5.788
S51.H11	-13.676	40.375
S51.A12	-27.269	31.826
S51.B12	31.667	29.925
S51.C12	-21.280	9.339
S51.D12	-29.322	30.028
S51.E12	-3.829	52.550
S51.F12	-29.302	31.851
S51.H12	-29.439	18.268
S52.B1	-3.637	55.482
S52.C1	5.796	55.029
S52.D1	5.754	55.135
S52.F1	-10.570	48.774
S52.G1	-11.839	38.291
S52.B2	-7.929	36.378
S52.D2	-30.273	29.700
S52.E2	9.034	36.955
S52.G2	-21.319	9.185
S52.H2	-11.573	38.638
S52.B3	23.010	15.889
S52.C3	-3.555	56.881
S52.D3	-4.063	55.618
S52.E3	5.818	55.005
S52.F3	-21.360	9.253
S52.C4	5.482	62.953
S52.E4	7.509	64.851
S52.F4	7.185	62.961
S52.G4	10.238	78.309
S52.B5	8.777	77.460
S52.C5	27.516	24.487
S52.D5	9.570	66.987
S52.E5	33.365	28.167
S52.F5	31.351	27.248
S52.G5	9.562	66.808
S52.H5	9.343	79.425
S52.A6	10.146	66.991
S52.B6	9.961	68.257
S52.F6	18.969	3.907
S52.C7	41.177	40.233
S52.D7	13.031	4.148
S52.E7	23.745	28.964
S52.F7	-31.093	33.839
S52.G7	30.618	31.251
S52.H7	19.254	3.852
S52.A8	7.587	7.303
S52.B8	-11.050	6.407
S52.D8	14.463	4.289
S52.E8	4.534	4.831
S52.G8	28.439	25.236
S52.H8	25.279	28.030
S52.A9	27.452	27.066
S52.D9	30.596	23.467
S52.E9	27.001	22.749
S52.F9	-9.105	2.838
S52.G9	19.847	20.436
S52.H9	5.794	8.650
S52.A10	8.472	11.523
S52.B10	8.457	10.002
S52.C10	-15.399	3.719
S52.D10	-3.599	10.776
S52.E10	9.371	11.721
S52.F10	-9.357	3.546
S52.G10	-11.623	16.698
S52.A11	8.242	11.828
S52.B11	-10.080	9.039
S52.C11	7.000	10.200
S52.D11	6.015	11.048
S52.E11	-8.446	6.005
S52.F11	6.641	10.606
S52.G11	-14.686	6.079
S52.H11	6.309	7.099
S52.A12	24.213	23.652
S52.B12	-2.341	9.301
S52.C12	6.886	7.742
S52.D12	-2.833	9.510
S52.E12	4.494	8.546
S52.F12	-5.329	36.454
S52.G12	8.159	59.950
S52.H12	-2.145	53.401
S53.A1	29.986	30.306
S53.B1	12.247	64.964
S53.D1	17.623	16.974
S53.E1	-9.872	37.679
S53.F1	-24.304	32.183
S53.G1	-28.410	46.143
S53.H1	-6.554	37.363
S53.A2	-6.381	38.185
S53.B2	10.403	70.457
S53.C2	-1.974	53.733
S53.D2	-25.141	33.592
S53.E2	-8.272	37.574
S53.H2	5.690	58.550
S53.B3	28.190	31.686
S53.C3	29.451	30.425
S53.D3	-14.251	44.367
S53.E3	6.326	59.697
S53.F3	11.528	69.019
S53.G3	-13.414	39.295
S53.A4	-13.190	38.818
S53.C4	16.509	10.577
S53.D4	-21.042	29.890
S53.E4	-26.186	32.787
S53.F4	5.821	35.824
S53.G4	-28.743	29.634
S53.A5	-2.346	53.405
S53.B5	8.381	80.087
S53.C5	-23.948	30.239
S53.D5	6.439	59.321
S53.E5	-2.234	53.337
S53.F5	-18.435	14.825
S53.D8	22.122	9.328
S53.F8	7.634	74.106
S53.G8	28.932	26.171
S53.H8	6.139	65.988
S53.A9	5.685	35.655
S53.B9	11.362	37.935
S53.C9	-5.396	50.688
S53.E9	6.593	64.955
S53.F9	15.734	21.325
S53.G9	-24.853	28.747
S53.H9	-5.869	51.224
S53.A10	-19.309	33.810
S53.C10	20.026	7.624
S53.D10	-23.047	31.679
S54.G9	14.737	9.394
S54.H9	-8.916	8.047
S54.A10	2.621	8.959
S54.B10	-10.027	2.392
S54.C10	10.566	7.341
S54.D10	12.536	27.653
S54.E10	-11.118	1.286
S54.F10	-16.226	5.519
S54.G10	1.984	9.000
S54.H10	-8.499	16.553
S54.A11	-7.174	12.538
S54.C11	-11.056	2.223
S54.D11	7.681	10.336
S54.E11	-10.677	2.273
S54.F11	6.908	11.387
S54.G11	10.101	10.627
S54.H11	-0.021	35.075
S54.A12	-23.114	35.331
S54.B12	-25.195	19.351
S54.C12	-0.881	60.945
S54.D12	8.083	53.903
S54.F12	17.938	55.598
S54.H12	13.850	80.120
S55.A1	-0.779	77.526
S55.C1	15.226	58.427
S55.D1	0.637	49.576
S55.F1	-13.016	42.398
S55.G1	-24.958	20.019
S55.H1	39.741	59.250
S55.A2	9.328	52.874
S55.B2	-28.378	11.044
S55.C2	16.798	59.743
S55.D2	-0.603	53.046
S55.E2	14.662	58.453
S55.F2	6.078	51.242
S55.G2	2.725	74.979
S55.H2	8.326	37.652
S55.B3	14.353	55.403
S55.C3	18.977	12.072
S55.D3	21.355	16.130
S55.E3	-19.240	16.095
S55.F3	30.359	28.354
S55.G3	11.567	51.254
S55.H3	31.193	24.563
S55.A4	16.471	55.853
S55.C4	24.206	6.918
S55.D4	1.303	45.304
S55.E4	4.554	37.435
S55.F4	8.694	42.813
S55.G4	21.496	56.071
S55.H4	-23.280	35.042
S55.A5	-9.405	38.352
S55.B5	-2.925	35.171
S55.C5	-28.719	25.590
S55.D5	15.759	54.543
S55.E5	15.171	52.412
S55.F5	-26.122	35.677
S56.A1	0.985	62.346
S56.B1	-21.140	27.803
S56.C1	-12.789	39.472
S56.E1	-0.317	62.816
S56.G1	-6.861	57.022
S56.A2	-14.996	40.106
S56.F2	-3.845	76.695
S56.B3	-20.672	15.034
S56.D3	-13.074	52.469
S56.F3	-6.769	56.939
S56.H3	12.635	59.051
S56.A4	-22.029	26.932
S56.C4	-6.804	57.071
S56.E4	-0.694	63.591
S56.G4	12.659	59.009
S56.A5	-0.173	63.790
S56.D5	-0.526	63.174
S56.E5	-8.664	50.370
S56.G5	12.628	59.134
S56.B6	12.664	59.098
S56.E6	24.187	12.116
S56.H6	-23.033	26.397
S56.A7	-22.934	26.579
S56.D7	-0.132	61.850
S56.E7	5.031	36.052
S56.H7	-12.898	53.699
S56.B8	0.978	62.370
S56.C8	-0.425	61.338
S56.F8	12.649	59.105
S56.A9	28.104	30.098
S56.B9	10.703	41.375
S56.D9	-6.713	57.112
S56.E9	12.570	59.528
S56.F9	-23.770	21.017
S56.A10	-28.325	46.162
S56.D10	-24.688	24.111
S56.E10	12.635	59.139
S56.F10	-6.624	58.872
S56.G10	-23.487	32.355
S56.D11	-20.227	10.722
S56.H11	-23.748	27.254
S56.A12	-0.516	61.325
S56.D12	-0.431	61.423
S56.E12	-6.457	58.387
S56.F12	12.513	59.765
S56.G12	-23.075	27.512
S56.H12	0.971	63.190
S57.A1	20.535	13.130
S57.C1	11.705	63.319
S57.D1	-27.686	45.613
S57.E1	20.506	12.785
S57.F1	8.555	45.325
S57.H1	28.145	29.581
S57.A2	9.174	58.436
S57.C2	8.893	58.175
S57.D2	27.892	33.351
S57.E2	20.710	13.403
S57.G2	14.557	15.990
S57.A3	-28.447	38.702
S57.C3	31.406	31.992
S57.E4	8.794	57.806
S57.F4	27.777	33.559
S57.C5	0.227	40.242
S57.D5	19.760	16.759
S57.E5	20.581	14.042
S57.H5	21.142	14.665
S57.A6	20.446	14.078
S57.D6	28.220	34.058
S57.A7	11.783	63.530
S57.B7	27.529	33.184
S57.C7	8.857	57.655
S57.D7	9.112	58.437
S57.E7	9.883	59.764
S57.C8	8.895	58.340
S57.D8	18.933	13.335
S57.F8	20.816	13.242
S57.G8	8.758	57.735
S57.A9	26.336	31.581
S57.C9	9.088	58.307
S57.F9	12.712	64.072
S57.A10	20.799	15.962
S57.E10	20.334	12.540
S57.F11	8.569	57.188
S57.C12	20.740	15.189
S72.G2	20.296	54.245
S72.H2	16.019	54.720
S72.A3	21.687	54.287
S72.B3	21.651	56.410
S72.C3	18.176	53.978
S72.D3	29.591	31.654
S72.E3	-0.130	77.083
S72.F3	21.881	56.565
S72.G3	19.941	56.436
S72.H3	20.033	53.956
S72.A4	21.750	56.403
S72.C4	15.880	54.135
S72.D4	16.451	56.007
S72.E4	16.273	54.168
S72.F4	21.088	56.866
S72.G4	23.119	10.304
S72.A5	14.759	53.994
S72.B5	16.468	54.537
S72.D5	15.913	53.059
S72.E5	16.638	53.321
S72.F5	16.005	53.605
S72.G5	21.729	55.347
S72.A6	22.406	16.234
S72.B6	21.698	55.974
S72.C6	22.936	11.370
S72.D6	13.362	52.474
S72.E6	19.989	55.756
S72.B7	24.853	8.807
S72.D7	13.793	55.486
S72.F7	39.565	58.709
S72.H7	17.835	54.057
S72.D8	13.680	54.272
S72.E8	32.145	28.157
S72.G8	14.487	56.229
S72.H8	23.731	10.032
S72.A9	11.996	37.980
S79.C2	27.162	15.876
S79.D2	28.836	47.485
S79.F2	29.333	17.946
S79.G2	29.792	49.797
S79.A3	29.696	49.408
S79.C3	28.887	47.114
S79.D3	28.929	48.487
S79.E3	28.997	48.356
S79.F3	28.917	48.383
S79.G3	28.931	47.239
S79.A4	27.075	16.008
S79.B4	28.981	48.504
S79.C4	29.616	49.267
S79.D4	29.371	17.988
S79.E4	27.055	15.944
S79.F4	26.928	15.989
S79.A5	28.813	46.979
S79.G5	26.797	16.073
S79.H5	29.090	48.578
S79.A6	28.843	47.564
S79.C6	29.406	18.009
S79.D6	27.011	15.954
S79.F6	28.786	46.899
S79.B7	31.319	48.194
S79.C7	29.352	17.956
S79.D7	31.035	49.143
S79.E7	27.155	15.929
S79.G7	29.370	17.979
S79.H7	30.913	46.908
S79.B8	31.446	48.548
S79.C8	31.586	47.406
S79.D8	31.008	47.627
S79.E8	30.309	45.952
S79.F8	31.447	48.517
S79.G8	31.566	48.398
S79.H8	31.046	48.626
S79.B9	30.285	46.466
S79.C9	30.194	46.077
S79.D9	30.400	46.730
S79.F9	31.742	48.626
S79.G9	27.355	15.922
S79.H9	31.452	48.318
S79.C10	29.761	50.491
S79.D10	27.198	15.959
S79.G10	30.964	47.099
S79.H10	29.984	46.081
S79.A11	30.189	46.245
S79.B11	31.037	47.326
S79.C11	30.977	49.067
S79.D11	31.196	49.234
S79.E11	30.486	49.324
S79.F11	29.802	50.379
S79.G11	31.361	48.887
S79.A12	31.967	48.800
S79.B12	31.370	48.275
S79.C12	31.060	47.705
S79.D12	30.200	46.087
S79.E12	31.117	47.157
S79.F12	31.101	47.791
S79.G12	31.188	48.373
S79.H12	31.447	48.793
S80.A7	11.838	29.020
S80.B7	-1.203	7.701
S80.D7	-11.961	17.379
S80.E7	2.018	7.506
S80.F7	11.270	4.943
S80.G7	16.027	8.083
S80.H7	11.326	3.704
S80.A8	-10.935	9.062
S80.B8	-10.836	1.433
S80.D8	10.650	5.609
S80.E8	-11.348	1.251
S80.F8	11.909	5.922
S80.G8	-8.215	15.357
S80.H8	14.089	27.156
S80.A9	-10.944	2.634
S80.B9	8.039	2.997
S80.D9	10.629	3.991
S80.E9	-12.441	3.223
S80.F9	12.727	5.908
S80.G9	-13.804	3.716
S80.H9	11.141	6.256
S80.A10	9.824	4.853
S80.D10	-11.170	9.277
S80.E10	-10.562	1.648
S80.F10	-13.578	3.704
S80.G10	-13.652	3.889
S80.H10	-11.830	17.594
S80.A11	-7.113	9.671
S80.B11	-16.358	5.315
S80.D11	-12.136	3.639
S80.E11	-11.445	1.230
S80.F11	11.367	6.333
S80.G11	11.501	5.496
S80.H11	-5.273	10.109
S80.A12	-5.644	10.577
S80.D12	-3.925	9.415
S80.E12	-11.613	5.568
S80.F12	-10.861	9.710
S80.G12	11.717	5.258
S80.H12	14.290	7.608
S82.A1	13.582	10.192
S82.B1	11.438	6.672
S82.C1	13.927	7.519
S82.D1	13.116	7.324
S82.E1	-10.988	0.929
S82.F1	-1.704	8.867
S82.G1	12.375	5.904
S82.H1	12.145	5.872
S82.A2	-12.268	2.343
S82.B2	11.377	5.158
S82.C2	-10.894	0.520
S82.D2	-5.631	10.110
S82.E2	13.398	29.471
S82.F2	-16.374	5.459
S82.G2	10.139	5.289
S82.H2	-0.634	62.026
S82.A3	-3.080	74.637
S82.B3	7.050	78.286
S82.C3	5.014	67.815
S82.D3	-5.453	62.441
S82.E3	6.782	74.458
S82.F3	33.027	28.119
S82.G3	5.229	67.828
S82.H3	7.513	75.351
S82.A4	6.246	73.313
S82.B4	-5.153	59.051
S82.C4	-21.055	30.992
S82.D4	13.299	79.835
S82.F4	4.986	67.895
S82.G4	31.085	26.064
S82.H4	6.019	72.600
S82.A5	7.142	74.922
S82.B5	-7.620	37.106
S82.C5	-22.223	33.125
S82.D5	6.019	73.057
S82.F5	7.420	77.815
S82.G5	8.462	79.363
S82.H5	10.225	77.622
S82.A6	-0.829	51.573
S82.B6	-21.916	28.098
S82.C6	6.835	74.380
S82.D6	5.149	67.957
S82.E6	-24.476	20.566
S82.F6	6.748	74.969
S82.G6	-12.877	45.502
S82.H6	6.412	73.653
S82.A7	-13.940	43.701
S82.B7	6.434	74.104
S82.C7	-22.528	33.782
S82.D7	6.934	80.260
S82.F7	7.032	80.336
S82.G7	4.898	68.317
S82.H7	-24.878	20.309
S82.A8	5.639	79.508
S82.B8	7.093	75.229
S82.C8	6.895	80.165
S82.D8	7.332	79.736
S82.E8	6.391	73.661
S82.F8	6.968	78.553
S82.G8	10.349	78.117
S82.H8	7.235	79.269
S82.A9	5.843	67.219
S82.B9	-4.950	59.779
S82.C9	-3.734	60.195
S82.D9	-29.230	14.017
S82.E9	-5.458	62.408
S82.F9	6.960	80.410
S82.H9	-21.692	7.505
S82.A10	-2.208	67.297
S82.B10	-29.433	13.415
S82.C10	-4.886	63.858
S82.D10	-0.302	72.229
S82.E10	3.967	78.134
S82.F10	-0.176	71.897
S82.G10	-17.067	41.816
S82.H10	-19.871	27.869
S82.A11	-4.019	65.837
S82.B11	4.550	79.499
S82.C11	-5.545	64.535
S82.F11	-24.004	19.281
S82.G11	-24.061	19.305
S82.H11	-6.154	63.934
S82.A12	-0.046	72.134
S82.B12	-4.550	64.730
S82.C12	-4.422	64.569
S82.D12	-19.746	25.779
S82.E12	3.755	77.841
S82.F12	3.869	77.745
S82.G12	-19.762	27.234
S82.H12	-19.936	27.915
S83.A1	-20.031	13.173
S83.B1	-4.264	64.953
S83.C1	-1.069	73.152
S83.D1	3.801	77.823
S83.E1	-1.247	73.075
S83.G1	-3.026	67.030
S83.H1	-4.271	65.491
S83.B2	-4.330	64.836
S83.C2	-0.715	73.528
S83.D2	-1.566	73.177
S83.E2	-0.895	72.897
S83.F2	-19.672	25.799
S83.G2	3.625	77.579
S83.A3	-23.237	23.115
S83.B3	-0.373	72.555
S83.C3	-19.509	9.787
S83.D3	-5.249	63.922
S83.E3	-23.547	24.001
S83.F3	-2.994	67.273
S83.G3	-6.004	64.059
S83.H3	-6.751	63.062
S83.A4	-23.980	19.123
S83.B4	-4.006	66.064
S83.C4	-24.136	20.090
S83.D4	-0.417	71.748
S83.E4	-22.929	23.208
S83.F4	-6.162	64.038
S83.G4	-1.248	68.358
S83.H4	-21.513	23.060
S83.A5	-49.654	36.083
S83.B5	-28.568	11.367
S83.C5	-4.255	65.403
S83.D5	-21.355	23.202
S83.F5	-23.793	19.357
S83.G5	-3.589	66.491
S83.H5	-51.353	40.591
S83.A6	-3.870	66.380
S83.B6	-19.916	25.157
S83.C6	-5.890	64.210
S83.D6	-5.676	64.123
S83.E6	-24.015	19.945
S83.F6	-4.004	65.965
S83.G6	-24.013	19.436
S83.H6	-4.003	66.086
S83.A7	-21.000	10.303
S83.B7	-3.921	66.177
S83.C7	-4.966	63.588
S83.E7	-23.820	19.298
S83.F7	-21.337	10.302
S83.G7	-24.041	19.580
S83.A8	-4.379	65.557
S83.B8	-24.051	19.614
S83.C8	-4.910	63.708
S83.D8	-19.777	25.813
S83.E8	-21.386	22.939
S83.F8	-2.348	63.868
S83.G8	-19.628	25.280
S83.H8	-21.072	10.886
S83.A9	-29.458	13.389
S83.C9	-21.683	22.834
S83.D9	-4.790	64.230
S83.E9	-3.835	66.302
S83.F9	-4.875	64.594
S84.E7	0.034	72.304
S84.F7	-1.413	77.321
S84.G7	1.868	75.210
S84.H7	-24.948	18.762
S84.A8	-26.748	20.830
S84.B8	1.510	75.398
S84.C8	-2.337	65.868
S84.D8	-14.240	44.289
S84.E8	0.850	77.994
S84.F8	-28.424	13.196
S84.G8	21.283	16.204
S84.H8	-6.305	51.716
S84.A9	4.820	78.437
S84.B9	17.967	56.241
S84.C9	-26.787	46.282
S84.D9	-2.549	77.718
S84.E9	4.155	78.675
S84.F9	2.602	77.283
S84.G9	0.088	76.139
S84.H9	0.094	75.692
S84.A10	18.862	56.929
S84.B10	-25.659	19.338
S84.C10	-0.197	75.948
S84.D10	-0.217	74.341
S84.E10	-1.671	67.607
S84.F10	-0.377	74.864
S84.G10	-0.371	74.596
S84.H10	-23.404	24.096
S84.A11	15.889	58.015
S84.B11	5.330	77.776
S84.C11	0.115	75.696
S84.D11	-24.742	29.407
S84.E11	-1.373	77.164
S84.F11	-29.328	14.447
S84.G11	32.480	30.150
S84.H11	-0.442	74.605
S84.A12	0.600	55.497
S84.B12	2.621	77.152
S84.C12	2.768	56.932
S84.D12	2.841	77.230
S84.E12	-0.259	75.819
S84.F12	-8.282	55.848
S84.H12	11.980	68.818
S81.A1	-27.643	15.557
S81.B1	-29.795	28.288
S81.D1	9.496	49.929
S81.G1	1.223	53.126
S81.H1	-7.381	49.070
S81.E2	-0.562	54.416
S81.F2	-18.756	30.991
S81.H2	-2.071	51.622
S81.B3	-25.990	27.391
S81.D3	-6.940	48.000
S81.E3	-26.115	19.365
S81.F3	-0.860	51.315
S81.C4	-2.497	52.129
S81.E4	24.045	8.273
S81.F4	-26.466	19.854
S81.H4	-8.393	37.748
S81.A5	1.343	55.332
S81.B5	2.050	54.522
S81.D5	-26.798	21.275
S81.E5	1.275	55.346
S81.F5	1.713	55.446
S81.G5	-3.721	50.032
S81.H5	7.644	36.740
S81.B6	-6.453	52.109
S81.D6	-5.402	50.426
S81.G6	1.765	54.746
S81.H6	-6.554	49.175
S81.D7	1.685	55.433
S81.E7	-0.354	54.739
S81.A8	24.804	26.281
S81.B8	-31.361	31.966
S81.C8	16.505	21.050
S81.E8	-4.670	50.082
S81.G8	5.972	51.623
S81.H8	-0.170	54.483
S81.C9	7.193	36.748
S81.E9	0.055	54.986
S81.G9	23.982	8.633
S81.A10	2.011	54.538
S81.B10	-4.228	19.602
S81.C10	-12.668	45.588
S81.D10	-0.602	54.382
S81.E10	-1.305	51.436
S81.F10	18.100	11.695
S81.G10	1.605	55.423
S81.A11	16.565	8.931
S81.B11	25.608	35.653
S81.C11	7.003	36.877
S81.D11	-0.521	51.203
S81.E11	-22.019	22.896
S81.H11	7.861	36.637
S81.A12	1.269	55.364
S81.B12	-29.542	27.779
S81.C12	1.228	55.276
S81.D12	20.499	45.639
S81.E12	-6.754	52.175
S81.F12	20.589	45.585
S81.G12	10.663	37.561
S81.H12	-19.364	33.828
S85.A1	6.527	38.101
S85.E1	27.300	26.128
S85.F1	3.400	46.685
S85.G1	9.198	64.197
S85.H1	23.687	9.066
S85.A2	24.935	26.219
S85.C2	17.706	11.949
S85.D2	23.699	9.659
S85.E2	3.400	46.567
S85.H2	5.042	46.739
S85.B3	31.242	29.520
S85.C3	32.472	27.450
S85.E3	8.160	40.066
S85.C4	-29.765	33.670
S85.D4	6.997	61.991
S85.F4	-19.797	14.795
S85.G4	6.041	37.418
S85.B5	9.375	64.890
S85.C5	3.856	46.251
S85.E5	11.140	65.350
S85.A6	-0.204	50.823
S85.B6	11.050	66.432
S85.E6	7.193	61.948
S85.G6	23.308	32.689
S85.A7	-12.502	40.760
S85.C7	15.489	12.440
S85.E7	6.235	38.291
S85.A8	5.292	37.365
S85.C8	32.514	29.166
S85.D8	23.706	6.871
S85.E8	17.343	12.208
S85.F8	-3.324	49.508
S85.B9	6.536	62.148
S85.C9	5.760	37.495
S85.D9	5.134	49.562
S85.E9	3.817	46.398
S85.G9	30.856	28.789
S85.B10	17.969	10.904
S85.E10	-32.111	31.253
S85.F10	5.977	61.017
S85.G10	9.552	65.069
S85.A11	1.291	39.359
S85.B11	3.245	46.176
S85.D11	23.502	7.880
S85.G11	11.901	14.404
S85.A12	7.746	61.915
S85.B12	-6.805	45.145
S85.C12	24.446	26.264
S86.A1	11.858	54.440
S86.C1	-4.996	45.203
S86.D1	25.334	9.441
S86.E1	15.014	55.257
S86.F1	6.450	37.854
S86.G1	6.011	37.429
S86.A2	11.268	53.779
S86.B2	17.387	57.310
S86.C2	-5.622	45.394
S86.E2	10.568	51.832
S86.F2	0.692	37.659
S86.A3	-29.018	34.823
S86.B3	4.581	46.938
S86.C3	-5.759	45.646
S86.D3	9.956	53.461
S86.E3	31.252	29.504
S86.G3	0.360	46.557
S86.A4	23.366	9.817
S86.B4	-29.021	34.549
S86.E4	8.653	43.802
S86.G4	4.496	47.070
S86.A5	5.241	49.506
S86.C5	17.408	57.260
S86.E5	11.120	53.323
S86.F5	17.722	57.749
S86.H5	8.587	43.341
S86.A6	-6.364	45.479
S86.B6	-29.616	33.045
S86.E6	-6.195	45.691
S86.G6	14.866	54.846
S86.H6	10.680	38.615
S86.B7	14.275	54.501
S86.C7	4.392	47.292
S86.E7	-5.217	46.410
S86.F7	-5.347	46.211
S86.G7	10.529	53.751
S86.H7	-5.317	46.362
S86.A8	-5.452	45.721
S86.C8	2.457	52.688
S86.F8	6.195	37.800
S86.G8	19.689	52.180
S86.B9	11.059	54.037
S86.D9	-12.161	41.399
S86.E9	6.760	38.416
S86.G9	6.097	37.388
S86.A10	-6.557	46.620
S86.B10	-1.335	46.994
S86.E10	17.284	57.350
S86.F10	11.188	53.749
S86.G10	16.930	56.423
S86.H10	12.245	38.634
S86.B11	-27.966	19.781
S86.C11	-13.310	40.251
S86.D11	7.997	39.857
S86.F11	17.815	54.147
S86.G11	23.907	32.601
S86.H11	-0.155	46.942
S86.A12	30.028	29.059
S86.B12	-24.461	27.866
S86.E12	15.603	55.344
S86.H12	17.211	56.214
S87.A1	13.223	26.410
S87.B1	12.717	25.918
S87.C1	12.167	12.786
S87.E1	11.393	27.929
S87.A2	13.273	24.667
S87.B2	15.781	28.582
S87.C2	8.803	13.632
S87.D2	-1.216	7.882
S87.E2	23.468	32.428
S87.F2	13.033	25.529
S87.H2	12.346	26.671
S87.C3	11.651	12.483
S87.D3	10.557	12.924
S87.E3	15.404	28.155
S87.G3	11.283	28.010
S87.H3	11.517	26.831
S87.A4	15.960	28.037
S87.B4	15.328	28.242
S87.C4	12.094	12.899
S87.E4	15.163	12.490
S87.F4	11.732	12.482
S87.A5	3.510	11.809
S87.B5	11.936	26.855
S87.C5	18.204	12.930
S87.D5	11.526	13.577
S87.H5	23.629	32.466
S87.A6	10.293	13.476
S87.C6	27.291	35.206
S87.D6	-2.616	9.708
S87.G6	-29.048	26.018
S87.H6	12.235	12.843
S87.A7	12.629	27.173
S87.B7	13.118	27.121
S87.D7	7.696	13.321
S87.E7	19.794	30.744
S87.A8	13.262	25.128
S87.B8	1.815	10.524
S87.C8	15.505	28.422
S87.D8	13.083	12.829
S87.F8	26.654	11.930
S87.C9	8.835	13.556
S87.D9	15.587	21.638
S87.D10	12.085	27.252
S87.G10	14.089	27.214
S87.H10	9.106	14.042
S87.C11	14.096	12.546
S87.E11	-9.296	0.000
S87.F11	11.668	12.791
S87.G11	-27.880	35.278
S87.H11	12.326	27.376
S87.A12	8.468	13.553
S87.C12	23.434	15.137
S87.D12	-27.882	37.738
S87.F12	6.472	11.940
S87.G12	5.945	12.748
S87.H12	-8.994	16.425
S88.A1	7.706	36.203
S88.C1	28.361	26.503
S88.D1	7.371	36.341
S88.E1	28.540	25.442
S88.F1	7.235	80.480
S88.G1	1.147	60.705
S88.H1	28.834	25.825
S88.A2	9.732	68.483
S88.B2	8.854	64.611
S88.C2	-23.129	28.760
S88.D2	24.832	30.168
S88.H2	8.448	79.414
S88.A3	26.158	26.382
S88.C3	26.237	9.782
S88.D3	-13.613	45.586
S88.F3	-3.245	59.189
S88.G3	10.217	68.397
S88.H3	7.132	78.565
S88.A4	7.462	79.853
S88.B4	28.511	25.610
S88.C4	-4.313	49.984
S88.D4	10.554	67.274
S88.E4	-4.361	58.541
S88.F4	10.909	73.676
S88.G4	8.380	79.337
S88.H4	20.040	14.925
S88.A5	7.361	64.298
S88.C5	6.093	64.612
S88.D5	-3.427	59.192
S88.E5	7.269	64.260
S88.G5	11.704	69.458
S88.H5	9.097	66.795
S88.A6	2.817	48.519
S88.B6	20.229	43.601
S88.C6	-5.586	51.159
S88.D6	10.244	66.532
S88.E6	-51.369	40.685
S88.F6	10.625	69.730
S88.H6	10.926	13.713
S88.A7	27.186	27.577
S88.B7	-25.294	14.856
S88.C7	7.314	3.580
S88.D7	13.888	29.403
S88.E7	-13.472	1.769
S88.F7	8.675	5.400
S88.G7	9.849	5.556
S88.H7	4.922	6.822
S88.A8	-17.420	5.055
S88.B8	10.955	4.475
S88.C8	-3.880	10.377
S88.D8	7.056	5.115
S88.E8	11.755	29.898
S88.F8	10.634	4.527
S88.G8	-2.245	8.658
S88.H8	4.791	6.620
S88.A9	-5.257	7.560
S88.B9	-14.728	3.486
S88.C9	-4.483	19.455
S88.E9	8.929	4.829
S88.F9	5.453	6.102
S88.G9	8.319	13.345
S88.H9	14.562	7.789
S88.A10	5.407	10.232
S88.B10	9.868	6.580
S88.C10	20.179	8.177
S88.D10	3.599	9.528
S88.E10	10.155	7.466
S88.F10	15.249	24.932
S88.G10	13.518	29.608
S88.H10	10.562	4.457
S88.A11	4.369	6.630
S88.B11	10.930	8.519
S88.C11	5.195	11.446
S88.D11	-25.491	14.753
S88.E11	-7.998	3.613
S88.F11	10.114	4.497
S88.G11	-8.343	1.684
S88.H11	20.086	8.042
S88.A12	5.601	8.719
S88.B12	-25.811	14.731
S88.C12	-25.461	14.794
S88.D12	5.688	11.570
S88.E12	-4.547	19.340
S88.F12	8.182	6.143
S88.G12	9.105	6.393
S89.A1	11.075	6.671
S89.B1	10.463	6.163
S89.C1	8.266	5.937
S91.A1	9.712	49.903
S91.B1	15.201	56.643
S91.C1	14.334	55.957
S91.E1	-28.412	15.354
S91.F1	-23.057	35.233
S91.G1	1.379	75.224
S91.H1	16.410	55.638
S91.A2	14.385	56.205
S91.B2	18.190	43.188
S91.C2	-27.041	34.303
S91.D2	28.205	32.408
S91.F2	21.142	57.398
S91.G2	31.974	29.585
S91.H2	14.406	56.157
S91.A3	-27.231	33.058
S91.B3	13.749	55.134
S91.C3	-22.741	29.721
S91.D3	21.012	57.344
S91.E3	10.182	50.817
S91.F3	10.670	51.590
S91.H3	-27.790	22.867
S91.A4	-3.241	44.028
S91.B4	1.622	45.160
S91.C4	21.161	56.908
S91.E4	14.210	54.547
S91.F4	11.378	50.708
S91.G4	1.664	44.710
S91.H4	-1.154	46.871
S91.A5	20.441	56.077
S91.B5	-27.015	23.582
S91.C5	-27.484	20.314
S91.D5	15.132	56.535
S91.F5	3.780	52.841
S91.G5	25.464	10.112
S91.H5	0.919	75.299
S91.A6	5.521	51.902
S91.B6	18.847	28.541
S91.C6	11.759	65.658
S91.D6	11.949	66.079
S91.E6	10.743	78.694
S91.F6	18.282	27.218
S91.G6	-10.356	41.579
S91.H6	8.657	63.404
S91.A7	22.510	61.508
S91.B7	11.500	66.348
S91.C7	22.511	7.876
S91.D7	8.483	80.436
S91.E7	2.532	46.933
S91.F7	27.257	28.194
S91.G7	20.019	24.524
S91.H7	15.410	9.043
S91.A8	10.920	65.232
S91.B8	-51.457	40.959
S91.C8	2.453	46.941
S91.D8	-26.537	46.618
S91.E8	11.666	66.084
S91.F8	-15.112	39.557
S91.G8	19.932	10.212
S91.H8	31.013	29.176
S91.A9	-7.385	45.391
S91.B9	10.094	64.360
S91.C9	23.706	26.856
S91.D9	30.690	28.881
S91.F9	18.743	25.713
S91.G9	6.166	62.399
S91.A10	10.158	59.185
S91.B10	17.558	9.912
S91.C10	23.195	10.308
S91.D10	10.737	64.963
S91.E10	20.547	10.112
S91.F10	9.643	64.249
S91.G10	24.599	23.369
S91.H10	7.900	62.296
S91.B11	24.683	20.508
S91.C11	10.387	64.747
S91.D11	22.085	24.783
S91.E11	10.535	11.458
S91.F11	11.468	27.851
S91.G11	17.630	10.265
S91.H11	-13.498	2.794
S91.A12	-10.083	0.827
S91.B12	15.020	28.050
S91.C12	13.380	27.101
S91.D12	11.282	28.406
S91.E12	1.582	10.477
S91.F12	15.320	11.348
S91.G12	5.146	24.968
S91.H12	23.562	26.432
S92.A1	-10.392	3.080
S92.B1	13.364	27.780
S92.C1	15.049	28.270
S92.E1	8.232	12.970
S92.F1	17.908	10.210
S92.G1	15.110	27.483
S92.H1	23.999	31.624
S92.A2	5.703	25.185
S92.B2	14.647	27.536
S92.C2	13.744	26.630
S92.D2	-10.570	5.802
S92.F2	24.587	28.109
S92.G2	-19.621	22.349
S92.H2	16.142	27.195
S92.A3	18.618	26.244
S92.B3	18.967	12.349
S92.C3	15.288	28.134
S92.D3	24.642	20.611
S92.E3	-10.033	0.628
S92.F3	23.773	27.071
S92.G3	-1.619	34.629
S92.H3	13.410	41.655
S92.B4	12.460	40.136
S92.C4	13.220	41.426
S92.E4	11.648	39.233
S92.F4	13.907	42.156
S92.G4	13.608	41.474
S92.A5	-19.648	16.892
S92.B5	12.403	40.014
S92.E5	-28.449	38.002
S92.G5	12.390	14.855
S92.H5	13.375	41.726
S92.B6	24.937	34.704
S92.C6	24.564	34.297
S92.D6	10.316	39.568
S92.E6	25.261	35.138
S92.F6	24.841	34.508
S92.G6	12.202	39.628
S92.H6	-1.369	34.702
S92.A7	12.766	40.998
S92.B7	11.905	38.932
S92.C7	11.701	39.120
S92.D7	-2.126	34.656
S92.E7	12.078	39.775
S92.F7	12.440	41.101
S92.G7	-2.734	34.337
S92.H7	13.235	41.328
S92.B8	11.707	39.207
S92.C8	17.746	31.921
S92.G8	-1.633	34.732
S92.H8	17.587	31.841
S92.A9	-28.400	38.004
S92.B9	28.328	28.499
S92.C9	24.080	15.478
S92.D9	13.349	41.217
S92.E9	13.698	42.037
S92.F9	-2.361	34.560
S92.H9	24.283	33.413
S92.A10	-19.897	31.071
S92.B10	8.555	37.971
S92.C10	12.925	42.091
S92.D10	25.720	35.422
S92.E10	-24.993	35.736
S92.F10	21.787	53.467
S92.G10	-18.765	16.279
S92.H10	12.811	42.210
S92.B11	10.125	39.134
S92.C11	12.973	41.720
S92.D11	21.708	52.826
S92.E11	24.325	32.814
S92.F11	21.635	52.938
S92.H11	-28.388	38.002
S92.B12	21.632	52.979
S92.C12	-29.027	39.556
S92.E12	13.138	42.225
S92.F12	-18.732	16.291
S92.H12	9.510	39.154
S93.B1	4.235	24.878
S93.F1	-0.816	26.505
S93.G1	-19.114	6.106
S93.A2	2.683	24.220
S93.B2	-1.377	25.210
S93.C2	3.236	23.878
S93.D2	3.685	24.298
S93.E2	3.263	23.911
S93.F2	-3.319	68.030
S93.A3	2.621	24.038
S93.F3	4.223	23.391
S93.B4	4.152	25.674
S93.C4	-16.572	26.473
S93.D4	13.581	74.478
S93.E4	-21.519	11.834
S93.G4	3.634	24.664
S93.A5	3.353	24.502
S93.B5	0.552	24.532
S93.G5	1.965	27.331
S93.H5	1.317	24.693
S93.A6	-19.535	6.802
S93.B6	-16.171	37.879
S93.C6	3.340	24.143
S93.D6	2.515	26.085
S93.E6	4.307	25.228
S93.F6	0.337	26.315
S93.G6	2.372	24.253
S93.H6	-16.617	38.078
S93.A7	3.898	24.639
S93.B7	3.600	24.352
S93.G7	4.875	25.561
S93.H7	3.657	23.836
S93.A8	3.879	24.753
S93.B8	3.812	23.423
S93.E8	-16.496	21.892
S93.F8	-1.456	25.135
S93.H8	4.372	25.176
S93.B9	-16.229	37.877
S93.E9	3.238	73.927
S93.F9	3.197	23.752
S93.B10	-16.386	38.230
S93.C10	-14.892	27.654
S93.D10	4.100	26.383
S93.E10	-26.344	37.094
S93.F10	2.793	23.109
S93.A11	-18.442	5.648
S93.B11	4.159	26.358
S93.C11	-16.542	21.857
S93.D11	2.287	24.263
S93.E11	2.591	23.946
S93.F11	3.388	24.050
S93.A12	3.264	24.053
S93.E12	4.194	25.979
S93.G12	1.204	24.840
S93.H12	-16.574	26.308
S94.A1	19.730	53.225
S94.B1	9.397	42.873
S94.E1	-0.396	76.456
S94.A2	19.041	55.414
S94.B2	-9.165	41.394
S94.C2	-0.412	52.782
S94.D2	-1.897	76.922
S94.E2	-23.786	34.959
S94.H2	-0.780	77.079
S94.A3	-24.288	25.477
S94.B3	5.093	49.543
S94.D3	-0.413	52.680
S94.F3	19.747	54.494
S94.D4	-23.019	29.375
S94.E4	19.997	54.079
S94.F4	-28.182	12.537
S94.G4	-5.285	36.369
S94.A5	18.514	55.613
S94.B5	-0.280	76.047
S94.C5	2.503	77.130
S94.D5	-9.369	41.436
S94.F5	20.120	55.809
S94.G5	0.519	78.474
S94.H5	20.075	55.534
S94.C6	-28.009	14.595
S94.D6	-12.542	41.264
S94.G6	12.731	53.494
S94.A7	-0.437	47.063
S94.B7	-26.313	23.535
S94.D7	11.197	51.760
S94.G7	19.873	55.311
S94.H7	-20.521	9.509
S94.A8	10.439	51.242
S94.B8	19.867	53.160
S94.D8	19.586	56.295
S94.E8	19.986	54.152
S94.H8	10.201	51.258
S94.A9	-0.508	75.777
S94.B9	18.766	55.305
S94.C9	-0.372	75.998
S94.D9	8.552	51.980
S94.E9	-0.836	75.855
S94.F9	9.544	52.035
S94.G9	4.816	80.063
S94.C11	5.224	49.706
S94.E11	-1.644	77.555
S94.F11	14.858	56.447
S94.H11	20.007	53.537
S94.D12	9.567	52.074
S94.E12	10.798	52.711
S94.F12	17.952	55.690
S94.G12	9.875	51.484
S94.H12	-21.378	30.030
S95.A1	7.793	62.843
S95.B1	6.992	56.166
S95.D1	-25.753	33.449
S95.E1	4.342	58.883
S95.G1	4.656	59.008
S95.H1	-4.624	51.680
S95.A2	20.124	7.954
S95.C2	10.598	69.243
S95.E2	-4.418	52.033
S95.F2	4.471	59.356
S95.B3	-25.216	23.382
S95.C3	25.841	35.632
S95.D3	4.504	59.066
S95.E3	18.441	12.415
S95.F3	19.993	11.661
S95.H3	-10.775	47.166
S95.A4	10.142	64.745
S95.B4	-3.068	51.157
S95.D4	-28.721	13.595
S95.E4	32.481	29.203
S95.H4	-10.779	47.162
S95.A5	5.097	60.263
S95.B5	4.646	60.130
S95.C5	-24.455	29.285
S95.E5	21.411	9.594
S95.G5	13.701	73.993
S95.H5	-21.427	29.717
S95.C6	5.413	58.773
S95.G6	5.836	60.766
S95.A7	7.354	63.187
S95.B7	-4.505	51.888
S95.C7	11.405	65.526
S95.D7	7.244	63.236
S95.E7	32.299	29.006
S95.G7	4.078	59.218
S95.H7	21.414	12.006
S95.A8	21.948	31.710
S95.C8	-6.743	39.235
S95.D8	22.308	31.980
S95.G8	8.498	37.522
S95.A9	7.127	63.267
S95.B9	20.283	10.497
S95.C9	-24.524	34.506
S95.D9	4.879	59.902
S95.F9	28.938	28.873
S95.G9	13.574	74.583
S95.H9	13.593	73.722
S95.A10	-4.901	51.706
S95.C10	21.531	24.013
S95.E10	6.759	60.525
S95.F10	25.616	9.916
S95.G10	4.680	60.204
S95.H10	8.726	37.762
S95.A11	23.370	12.673
S95.C11	8.547	63.895
S95.D11	-18.767	30.987
S95.E11	25.878	11.312
S95.H11	-6.559	49.861
S95.B12	-11.311	50.343
S95.D12	8.392	63.739
S95.E12	5.915	35.562
S95.F12	14.804	28.258
S95.G12	-5.042	51.688
S96.B1	-51.407	40.893
S96.E1	18.282	57.311
S96.A2	1.831	55.858
S96.C2	-19.181	14.493
S96.F2	13.393	55.093
S96.G2	25.601	26.978
S96.H2	7.460	52.273
S96.A3	-25.994	33.530
S96.B3	13.116	75.258
S96.C3	2.775	53.417
S96.F3	2.831	48.522
S96.H3	12.493	54.599
S96.B4	18.720	57.804
S96.D4	5.224	78.749
S96.E4	-6.739	42.259
S96.F4	-5.584	39.194
S96.G4	17.196	54.847
S96.A5	-4.600	48.343
S96.C5	16.351	57.193
S96.D5	-4.092	46.556
S96.F5	25.349	10.490
S96.G5	7.501	52.402
S96.A6	11.104	54.110
S96.B6	5.859	49.981
S96.C6	-1.419	50.524
S96.D6	15.331	52.922
S96.E6	18.076	14.688
S96.F6	-19.359	12.524
S96.G6	-6.899	42.553
S96.D7	-2.762	50.982
S96.E7	24.753	26.900
S96.B8	14.123	55.431
S96.C8	-12.050	39.966
S96.D8	20.081	56.826
S96.E8	2.649	53.199
S96.A9	-5.757	48.912
S96.B9	-3.411	49.394
S96.D9	-2.737	50.837
S96.E9	27.067	25.000
S96.F9	16.699	56.404
S96.G9	17.713	57.625
S96.A10	13.619	55.033
S96.C10	-2.449	48.977
S96.D10	16.529	56.397
S96.E10	14.116	54.940
S96.F10	-24.389	26.216
S96.G10	12.496	54.465
S96.A11	4.905	48.046
S96.B11	13.292	54.784
S96.C11	18.345	57.743
S96.D11	6.664	52.189
S96.E11	17.112	57.731
S96.G11	8.104	53.780
S96.H11	0.152	35.014
S96.A12	3.954	52.796
S96.B12	17.106	56.898
S96.D12	16.452	57.590
S96.F12	0.858	50.145
S103.A1	20.870	27.807
S103.C1	16.567	15.561
S103.D1	19.104	29.412
S103.F1	19.079	29.470
S103.G1	16.526	14.743
S103.H1	20.906	28.248
S103.A2	-6.172	43.477
S103.B2	22.477	14.445
S103.C2	-31.529	33.823
S103.E2	19.203	27.539
S103.F2	4.032	55.505
S103.A3	-2.492	37.834
S103.B3	-28.258	24.570
S103.C3	15.766	15.100
S103.D3	15.501	15.240
S103.E3	11.450	38.701
S103.F3	20.569	27.627
S103.G3	21.538	28.419
S103.H3	18.962	28.432
S103.A4	19.638	28.522
S103.C4	16.556	15.729
S103.D4	4.129	55.627
S103.E4	18.740	25.803
S103.F4	16.383	29.457
S103.G4	12.583	27.234
S103.H4	20.831	28.154
S103.B5	10.532	16.290
S103.D5	4.820	37.581
S103.E5	23.481	29.724
S103.F5	-12.416	51.123
S103.H5	20.074	27.819
S103.A6	20.841	27.649
S103.C6	17.891	15.765
S103.D6	19.959	28.755
S103.E6	15.654	13.910
S103.F6	24.436	30.653
S103.G6	17.737	3.634
S103.H6	-8.128	44.210
S103.A7	16.507	29.514
S103.B7	21.645	31.736
S103.D7	-7.105	44.785
S103.H7	17.441	7.421
S103.A8	15.773	15.105
S103.B8	20.306	28.239
S103.D8	22.007	28.776
S103.E8	23.911	29.865
S103.F8	17.804	3.793
S103.G8	-2.517	38.024
S103.A9	-6.526	43.732
S103.B9	20.314	27.624
S103.F9	-7.319	44.570
S103.H9	19.007	27.452
S103.A10	16.500	6.143
S103.B10	19.893	27.918
S103.C10	17.686	3.594
S103.D10	19.165	27.489
S103.E10	11.853	28.260
S103.F10	20.112	27.514
S103.G10	15.623	3.780
S103.H10	20.760	28.132
S103.A11	-7.503	44.308
S103.C11	-7.623	44.388
S103.D11	-6.259	43.394
S103.H11	21.098	28.301
S103.B12	15.784	15.139
S103.C12	3.609	47.746
S103.E12	3.920	47.571
S103.F12	20.534	27.915
S103.G12	24.933	30.985
S113.D1	26.642	16.012
S113.F1	-27.551	45.679
S113.C2	15.930	46.382
S113.D2	16.286	44.732
S113.G2	24.832	15.011
S113.C3	10.338	44.702
S113.D3	16.145	46.676
S113.E3	-28.547	46.174
S113.G3	32.647	27.064
S113.H3	-28.946	45.916
S113.A4	26.989	16.995
S113.B4	15.790	45.800
S113.C4	21.586	30.046
S113.H4	15.727	45.794
S113.B5	-28.736	41.762
S113.C5	15.793	46.225
S113.A6	24.524	16.375
S113.B6	25.037	31.644
S113.C6	25.731	15.630
S113.E6	16.734	45.320
S113.F6	-28.367	46.126
S113.A7	25.502	15.879
S113.C7	16.410	48.020
S113.E7	9.674	61.348
S113.C8	22.816	10.439
S113.E8	16.131	47.476
S113.F8	-29.181	42.429
S113.B9	16.428	48.125
S113.C9	24.664	16.497
S113.D9	16.126	47.394
S113.E9	15.726	45.711
S113.F9	25.362	35.489
S113.G9	39.657	60.729
S113.B10	-29.672	41.160
S113.D10	15.913	45.548
S113.E10	13.384	40.616
S113.H10	15.643	45.951
S113.A11	16.039	46.510
S113.B11	16.986	45.392
S113.E11	16.101	46.783
S113.A12	23.353	14.860
S113.C12	16.369	44.817
S113.D12	16.309	47.797
S113.E12	28.278	31.056
S114.C1	21.655	14.325
S114.G1	25.987	32.564
S114.H1	19.318	61.052
S114.E2	16.795	51.079
S114.F2	18.521	50.224
S114.H2	19.358	61.074
S114.A3	21.899	15.508
S114.C3	29.513	32.849
S114.G3	22.455	16.048
S114.H3	21.428	16.424
S114.F4	25.217	14.779
S114.A6	29.355	33.310
S114.D6	19.290	49.812
S114.F6	22.419	18.020
S114.B7	32.080	33.882
S114.E7	31.802	33.904
S114.G7	16.948	49.807
S114.F8	16.919	50.221
S114.H8	2.415	22.636
S114.C9	23.188	22.297
S114.E9	32.330	33.842
S114.F9	-27.453	45.373
S114.G9	16.397	51.142
S114.A10	29.133	32.917
S114.E11	24.385	31.383
S114.A12	19.274	49.804
S115.A1	33.503	27.591
S115.B1	18.047	37.726
S115.C1	2.396	75.388
S115.F1	2.994	74.775
S115.G1	21.058	58.897
S115.A2	19.592	49.294
S115.B2	20.322	50.691
S115.C2	19.315	49.330
S115.D2	18.046	37.728
S115.E2	21.721	57.922
S115.H2	30.080	33.104
S115.A3	21.119	59.243
S115.D3	21.996	18.261
S115.G3	19.186	61.393
S115.H3	2.862	74.872
S115.A4	21.488	58.952
S115.B4	-51.440	40.910
S115.C4	23.220	18.602
S115.G4	19.591	50.043
S115.B5	41.118	40.237
S115.E5	25.809	30.731
S115.A6	19.314	49.298
S115.A7	18.048	37.728
S115.B7	19.355	49.821
S115.D7	-28.524	43.558
S115.F7	19.442	60.558
S115.A8	18.048	37.730
S115.B8	18.047	37.727
S115.C8	20.730	50.924
S115.D8	27.829	32.398
S115.E8	20.410	59.787
S115.F8	18.976	61.531
S115.D9	17.037	49.881
S115.E9	19.316	60.146
S115.F9	20.844	51.016
S115.D10	16.922	49.485
S115.E10	21.637	58.083
S115.G10	20.326	50.754
S115.A11	20.129	50.514
S115.C11	19.250	49.577
S115.F11	19.200	49.722
S115.F12	21.079	59.424
S116.A1	15.354	45.765
S116.B1	20.888	17.776
S116.C1	21.036	17.817
S116.D1	22.408	18.091
S116.E1	13.845	73.831
S116.F1	14.519	65.464
S116.A2	21.010	18.115
S116.E2	18.588	50.191
S116.F2	21.974	16.969
S116.G2	32.028	50.529
S116.D3	22.272	17.905
S116.G3	14.381	65.590
S116.H3	2.430	22.660
S116.A4	20.414	61.038
S116.B4	25.868	31.212
S116.C4	25.284	31.300
S116.A5	29.318	33.645
S116.B5	23.180	18.722
S116.C5	27.298	32.129
S116.D5	26.066	30.178
S116.A6	29.586	34.004
S116.G6	23.066	16.006
S116.H6	20.485	17.387
S116.B7	22.384	17.607
S116.C7	-27.353	45.974
S116.B8	21.013	18.286
S116.F8	14.498	65.482
S116.H8	14.000	65.064
S116.A9	30.356	33.276
S116.D9	29.778	32.991
S116.E9	20.986	60.919
S116.D11	18.418	50.193
S116.H11	21.095	18.275
S116.B12	14.236	65.541
S116.G12	20.570	18.727
S131.D2	41.078	40.254
S131.E2	41.099	40.253
S131.F2	41.041	40.252
S131.A3	19.286	43.502
S131.C3	40.993	40.250
S131.D3	40.594	40.271
S131.A4	19.507	43.011
S131.D5	40.903	40.250
S131.G5	41.046	40.250
S131.B9	41.132	40.254
S131.H9	13.256	36.455
S131.D10	41.073	40.248
S140.B1	18.226	10.235
S140.C1	0.683	41.524
S140.E1	-4.577	41.533
S140.F1	20.231	10.868
S140.G1	-0.584	40.426
S140.H1	7.846	40.126
S140.A2	-4.403	43.566
S140.B2	-27.188	37.155
S140.C2	-25.362	18.319
S140.D2	-1.651	46.140
S140.E2	-29.470	34.191
S140.G2	0.818	42.558
S140.H2	2.237	44.409
S140.B3	-26.928	24.835
S140.C3	-17.375	39.457
S140.D3	-0.907	41.223
S140.F3	-0.120	44.894
S140.G3	5.987	38.071
S140.B4	23.554	27.708
S140.D4	0.865	44.002
S140.F4	-2.075	40.198
S140.A5	-1.460	43.181
S140.C5	1.448	43.976
S140.E5	-2.344	43.580
S140.F5	1.745	44.432
S140.G5	23.414	11.303
S140.H5	-4.249	44.214
S140.B6	-10.120	40.980
S140.C6	-17.579	39.820
S140.D6	-1.084	41.238
S140.E6	21.042	16.299
S140.F6	-28.166	14.926
S140.G6	-31.815	33.966
S140.H6	-1.113	41.375
S140.A7	-32.306	33.863
S140.B7	-1.804	43.259
S140.D7	-29.925	33.974
S140.E7	3.055	40.775
S140.G7	3.920	52.474
S140.A8	-1.618	40.282
S140.B8	16.557	8.991
S140.C8	-1.787	41.207
S140.D8	25.275	8.513
S140.E8	-1.424	42.146
S140.F8	-2.768	39.560
S140.G8	-0.424	39.764
S140.H8	3.295	40.260
S140.A9	-4.616	42.166
S140.B9	-1.344	43.137
S140.C9	-31.805	33.805
S140.E9	2.453	44.272
S140.G9	-0.069	42.252
S140.H9	21.789	12.433
S140.A10	-17.613	39.637
S140.C10	1.562	43.837
S140.E10	-0.975	43.553
S140.G10	-32.326	34.453
S140.H10	18.454	9.536
S140.B11	-32.442	33.788
S140.E11	-0.586	40.615
S140.F11	-1.815	41.751
S140.G11	-26.541	37.508
S140.H11	-51.115	36.892
S140.A12	18.090	9.659
S140.D12	-22.115	10.720
S140.E12	31.597	27.486
S140.F12	25.883	29.401
S140.G12	-0.132	47.096
S140.H12	19.073	10.808
S158.H8	-11.674	27.751
S158.D9	-12.154	24.946
S158.F9	-12.479	24.699
S158.A10	-12.429	24.731
S158.D10	-12.749	24.626
S158.E11	-12.025	24.976
S158.F11	-12.289	24.820
S162.F1	19.027	17.670
S162.G1	26.006	60.013
S162.B2	24.042	61.026
S162.G2	24.948	57.859
S162.H2	26.053	60.383
S162.A3	16.543	51.087
S162.B3	24.843	60.594
S162.C3	24.265	60.635
S162.E3	24.240	60.603
S162.F3	19.250	18.225
S162.B4	27.014	33.229
S162.C4	18.764	17.208
S162.E4	23.742	61.196
S162.F4	25.291	58.696
S162.G4	23.032	59.549
S162.H4	25.986	59.975
S162.A5	15.061	50.719
S162.D5	23.707	61.087
S162.G5	23.992	60.112
S162.A6	31.366	30.832
S162.C6	23.798	15.666
S162.E6	24.703	60.267
S162.F6	23.716	60.941
S162.H6	25.996	60.391
S162.A7	25.981	60.297
S162.B7	23.701	61.106
S162.C7	23.588	61.156
S162.D7	23.681	60.985
S162.E7	24.801	58.140
S162.F7	23.148	60.926
S162.G7	24.305	60.346
S162.H7	24.005	60.833
S162.A8	23.953	60.920
S162.C8	24.685	57.813
S162.D8	24.962	58.225
S162.E8	23.341	59.578
S162.F8	27.073	33.228
S162.G8	23.827	60.986
S162.C9	24.550	59.343
S162.D9	24.021	59.925
S162.E9	24.018	59.959
S162.F9	27.015	33.355
S162.A10	25.932	59.964
S162.D10	24.544	59.231
S162.E10	32.337	31.348
S162.F10	25.090	58.057
S162.G10	25.030	31.500
S162.H10	25.939	60.469
S162.C11	24.397	60.530
S162.E11	25.579	59.369
S162.G11	24.571	60.773
S162.A12	25.962	60.294
S162.B12	19.249	18.290
S162.E12	24.269	60.456
S162.G12	29.230	23.420
S177.A1	0.289	24.877
S177.C1	-17.257	24.153
S177.E1	-4.527	67.217
S177.F1	-19.209	6.064
S177.G1	-20.198	20.804
S177.H1	-2.116	28.534
S177.A2	10.807	28.624
S177.D2	-1.197	28.136
S177.E2	-2.402	29.665
S177.F2	-1.065	28.292
S177.G2	-20.355	20.750
S177.C3	-0.471	26.243
S177.D3	-0.609	28.823
S177.A4	-19.241	6.103
S177.C4	-0.550	29.182
S177.A5	-0.599	26.727
S177.C5	4.695	24.284
S177.D5	-0.912	27.757
S177.E5	4.883	24.674
S177.F5	0.055	25.526
S177.A6	13.103	22.372
S177.B6	4.515	23.343
S177.C6	-4.729	67.310
S177.D6	-0.606	26.239
S177.E6	0.097	28.987
S177.F6	-4.472	67.555
S177.G6	-0.433	26.075
S177.A7	-0.754	26.878
S177.B7	-17.031	24.963
S177.C7	-20.482	22.218
S177.D7	-2.497	29.719
S177.E7	-16.992	25.213
S177.F7	-0.880	28.497
S177.G7	-1.225	27.898
S177.H7	-0.886	27.280
S177.A8	-17.268	24.220
S177.D8	-2.423	29.726
S177.G8	-1.463	28.141
S177.A9	-17.262	24.786
S177.D9	-4.459	67.330
S177.G9	-1.485	28.186
S177.A10	0.761	26.650
S177.C10	4.390	23.237
S177.D10	-0.601	25.733
S177.E10	-6.304	62.296
S177.A11	-0.914	28.809
S177.B11	-5.318	20.776
S177.C11	-14.363	42.978
S177.D11	-0.003	26.522
S177.H11	0.207	26.626
S177.A12	-17.011	24.778
S177.D12	-0.796	27.167
S184.B1	-51.470	37.489
S184.A2	-46.858	43.260
S184.G2	41.868	57.032
S184.A3	-51.398	37.449
S184.E3	-51.287	37.357
S184.F4	-12.265	24.496
S184.E5	-51.299	37.324
S184.H5	-46.802	43.301
S184.B6	-12.290	24.571
S184.B7	-51.555	37.549
S184.F7	41.774	57.164
S184.E8	41.777	56.968
S184.F8	-46.809	43.296
S184.B9	-11.836	24.904
S184.E9	-46.849	43.261
S184.F10	-51.220	37.260
S184.C11	-11.911	25.016
S184.D11	-12.068	24.886
S184.F11	-12.306	24.749
S184.H11	-46.858	43.275
S184.A12	-51.637	37.643
S184.D12	-11.868	24.992
S189.A1	-7.918	22.428
S189.B1	-9.247	0.056
S189.D1	15.440	17.827
S189.F1	-8.705	22.052
S189.G1	7.354	29.357
S189.B2	5.879	29.913
S189.D2	-15.615	3.610
S189.F2	11.469	21.102
S189.D3	-8.757	17.447
S189.E3	5.954	29.770
S189.G3	-14.616	9.090
S189.B4	-8.585	22.133
S189.C4	-6.042	24.943
S189.E4	-7.897	22.603
S189.F4	6.759	29.680
S189.G4	10.704	16.670
S189.H4	7.598	29.069
S189.C5	-6.370	23.240
S189.E5	-14.668	9.260
S189.F5	7.230	29.334
S189.D6	11.440	20.850
S189.E6	-5.347	24.557
S189.H7	-28.007	10.499
S189.C8	7.079	29.566
S189.D8	-13.025	0.300
S189.A9	5.943	29.842
S189.E9	11.520	21.237
S189.H9	-6.276	22.574
S189.B10	7.452	29.212
S189.D10	-6.697	23.136
S189.F10	13.044	22.429
S189.H10	15.758	17.777
S189.A11	-6.594	23.294
S189.C11	7.414	29.293
S189.D11	-6.278	23.805
S189.E11	15.633	17.804
S189.G11	-7.875	21.820
S189.C12	-6.394	23.194
S189.F12	-14.848	9.214
S190.D1	-7.687	23.006
S190.H1	-5.773	23.556
S190.C2	-5.325	21.708
S190.E2	6.056	30.533
S190.F2	5.241	30.231
S190.A3	4.966	29.963
S190.B3	-6.288	24.074
S190.C3	5.883	30.549
S190.D3	-6.684	22.954
S190.F3	-6.270	23.727
S190.H3	-5.854	22.648
S190.C4	6.878	30.134
S190.E4	-8.600	22.075
S190.F4	-5.581	24.285
S190.A5	-7.858	22.263
S190.B5	-6.289	24.797
S190.C5	-5.831	23.152
S190.C6	-5.601	21.120
S190.D6	6.358	30.748
S190.A7	-6.450	24.049
S190.B7	-6.335	23.799
S190.C7	-6.248	23.971
S190.E7	-6.405	24.400
S190.F7	-7.619	22.796
S190.F8	-6.385	23.673
S190.D9	-6.218	23.786
S190.H9	-6.233	24.668
S190.A10	-7.151	23.603
S190.C10	-8.114	22.629
S190.D10	-6.398	24.019
S190.E10	5.473	30.402
S190.D11	6.198	30.805
S190.F11	-7.768	22.491
S190.H11	-5.112	24.493
S190.A12	-8.387	22.105
S190.D12	5.106	29.913
S190.E12	-7.312	22.093
S190.F12	-8.638	21.993
S190.H12	-6.957	22.688
S199.A1	-41.881	47.346
S199.B1	-44.200	47.805
S199.D1	-43.643	46.059
S199.F1	-46.317	51.853
S199.G1	39.177	59.686
S199.H1	-44.552	48.600
S199.A2	-41.882	46.197
S199.B2	-42.466	47.347
S199.E2	-44.326	46.955
S199.F2	-44.225	48.665
S199.H2	-44.449	46.480
S199.B3	-50.119	36.760
S199.D3	-42.837	47.590
S199.E3	-44.601	47.901
S199.G3	-44.940	48.727
S199.H3	-41.789	48.790
S199.A4	-41.741	47.606
S199.E4	-44.255	46.144
S199.F4	-44.148	46.809
S199.A5	-44.107	48.702
S199.B5	-46.247	51.176
S199.E5	-44.781	45.385
S199.G5	-46.308	52.055
S199.H5	-45.408	48.369
S199.B6	-45.039	48.933
S199.C6	-43.275	45.816
S199.D6	-44.923	44.901
S199.E6	-46.159	50.817
S199.G6	-45.045	48.334
S199.B7	-41.727	46.105
S199.C7	-44.174	44.916
S199.D7	-46.281	51.366
S199.E7	-49.745	36.792
S199.F7	-45.620	48.406
S199.H7	-46.301	51.574
S199.A8	-46.309	52.239
S199.C8	-43.554	46.650
S199.E8	-46.310	52.070
S199.F8	-43.922	49.565
S199.G8	-44.981	46.305
S199.H8	-42.097	47.403
S199.A9	-42.569	47.421
S199.F9	-45.758	50.068
S199.G9	-44.153	46.512
S199.A10	-44.391	46.276
S199.B10	-44.097	44.827
S199.D10	-43.792	44.959
S199.F10	-43.253	47.421
S199.G10	-51.215	37.258
S199.H10	-44.898	46.449
S199.D11	-45.052	44.745
S199.F11	-42.138	48.098
S199.G11	39.013	59.770
S199.A12	-41.646	47.466
S199.B12	-42.093	47.455
S199.C12	-46.200	49.678
S199.D12	-46.221	50.999
S199.G12	-41.756	47.512
S200.B1	-46.278	51.603
S200.C1	-41.699	47.674
S200.E1	-46.213	50.927
S200.F1	-43.893	47.398
S200.G1	-50.864	37.115
S200.H1	-41.758	47.666
S200.B2	-44.556	47.427
S200.E2	-42.720	46.957
S200.F2	-43.966	45.956
S200.G2	-46.303	51.631
S200.H2	-43.772	45.097
S200.B3	-46.309	51.884
S200.C3	-46.303	51.869
S200.E3	-46.254	51.248
S200.H3	-41.925	48.889
S200.B4	-41.967	48.325
S200.C4	-44.495	46.249
S200.F4	-42.595	47.001
S200.G4	-41.582	46.948
S200.H4	-46.306	52.250
S200.C5	-46.312	52.162
S200.F5	-43.688	47.122
S200.G5	-44.284	45.875
S200.H5	-45.744	48.070
S200.C6	-41.642	47.600
S200.E6	-42.308	47.774
S200.F6	-41.925	47.963
S200.G6	-41.833	47.583
S200.H6	-43.808	47.239
S200.B7	-44.031	47.629
S200.C7	-46.220	51.063
S200.F7	-46.309	52.102
S200.G7	-43.433	49.425
S200.H7	-46.279	49.868
S200.B10	-42.128	49.025
S200.C10	-41.997	48.145
S200.E10	-44.477	47.265
S200.G10	-42.054	46.890
S200.H10	-42.253	48.651
S200.C11	-41.931	46.940
S200.E11	-43.832	46.995
S200.F11	-43.181	48.220
S200.G11	-43.709	46.119
S200.H11	-42.893	46.402
S200.C12	-44.215	45.017
S200.F12	-44.445	47.389
S220.A1	-23.004	74.042
S220.A10	-29.818	67.730
S220.A11	-29.499	67.936
S220.A12	-28.882	68.321
S220.A2	-23.007	73.830
S220.A3	-23.023	74.071
S220.A4	-23.066	73.891
S220.A6	-24.155	71.889
S220.A8	-23.127	74.010
S220.A9	-29.859	67.701
S220.B10	-28.853	68.346
S220.B11	-22.997	74.265
S220.B12	-28.749	68.412
S220.B2	-30.101	67.553
S220.B6	-29.962	67.637
S220.B7	-29.416	67.986
S220.B8	-22.996	74.211
S220.B9	-23.027	74.042
S220.C1	-24.619	71.624
S220.C10	-29.648	67.844
S220.C3	-23.059	73.534
S220.C4	-29.654	67.829
S220.C6	-29.066	68.210
S220.C8	-29.521	67.927
S220.C9	-29.722	67.789
S220.D1	-24.756	71.640
S220.D12	-28.694	68.442
S220.D2	-22.249	72.960
S220.D4	-23.565	73.660
S220.D7	-29.859	67.704
S220.D8	-22.923	74.420
S220.D9	-28.738	68.419
S220.E1	-23.034	73.953
S220.E10	-22.968	74.337
S220.E2	-29.937	67.661
S220.E5	-30.080	67.568
S220.E7	-27.990	68.879
S220.E8	-22.943	74.352
S220.E9	-29.451	67.973
S220.F1	-24.743	71.685
S220.F10	-23.327	73.887
S220.F11	-24.735	71.770
S220.F2	-23.089	73.691
S220.F3	-23.086	72.952
S220.F5	-29.174	68.141
S220.F6	-24.664	71.201
S220.F7	-23.721	73.034
S220.G1	-29.751	67.767
S220.G10	-22.095	72.357
S220.G11	-29.470	67.955
S220.G4	-29.938	67.655
S220.G8	-28.759	68.406
S220.H11	-22.987	74.235
S220.H2	-23.013	73.717
S220.H3	-29.475	67.949
S220.H4	-28.272	68.702
S220.H5	-28.706	68.438
S220.H9	-23.012	73.753
S222.A1	-23.148	70.508
S222.A10	-23.027	71.636
S222.A11	-22.429	71.041
S222.A2	-23.040	70.846
S222.A3	-23.061	71.155
S222.A4	-23.013	71.309
S222.A5	-23.027	71.581
S222.A7	-23.091	71.220
S222.A8	-23.027	71.106
S222.A9	-22.623	71.176
S222.B1	-23.160	70.429
S222.B2	-23.066	70.501
S222.B3	-23.066	70.945
S222.B5	-23.098	71.358
S222.B7	-23.003	71.012
S222.B8	-22.987	71.761
S222.B9	-23.029	71.358
S222.C10	-11.072	27.904
S222.C12	-10.520	28.022
S222.C6	-9.659	28.099
S222.C8	-11.250	27.860
S222.C9	-23.112	70.643
S222.E11	-11.244	27.823
S222.E2	-23.382	70.459
S222.E3	-11.009	27.825
S222.E6	-10.069	26.858
S222.E7	-23.128	72.713
S222.E8	-23.122	72.447
S222.F1	-23.179	71.200
S222.F4	-10.406	28.001
S222.F8	-23.319	71.599
S222.G2	-23.056	71.546
S222.G6	-10.458	28.019
S222.G8	-10.643	27.992
S222.G9	-23.102	70.743
S222.H4	-10.479	27.983
S222.H7	-10.622	27.995
S222.H8	-23.016	71.982
